datetime,precip,level
2022-01-01 01:00:00,0.017,850.0
2022-01-01 02:00:00,0.0,790.0
2022-01-01 03:00:00,0.017,804.0
2022-01-01 04:00:00,0.0,829.0
2022-01-01 05:00:00,0.0,794.0
2022-01-01 06:00:00,0.0,829.0
2022-01-01 07:00:00,0.017,831.0
2022-01-01 08:00:00,0.0,833.0
2022-01-01 09:00:00,0.0,837.0
2022-01-01 10:00:00,0.0,837.0
2022-01-01 11:00:00,0.0,837.0
2022-01-01 12:00:00,0.0,837.0
2022-01-01 13:00:00,0.0,837.0
2022-01-01 14:00:00,0.034,839.0
2022-01-01 15:00:00,0.0,839.0
2022-01-01 16:00:00,0.0,839.0
2022-01-01 17:00:00,0.0,839.0
2022-01-01 18:00:00,0.0,839.0
2022-01-01 19:00:00,0.0,839.0
2022-01-01 20:00:00,0.0,839.0
2022-01-02 03:00:00,0.187,849.0
2022-01-02 04:00:00,0.0,850.0
2022-01-02 05:00:00,8.976,850.0
2022-01-02 06:00:00,9.469,850.0
2022-01-02 07:00:00,1.3883333333333334,850.0
2022-01-02 08:00:00,4.193333333333333,850.0
2022-01-02 09:00:00,2.928533333333333,850.0
2022-01-02 10:00:00,0.4352,726.0
2022-01-02 11:00:00,0.1666,734.0
2022-01-02 12:00:00,0.0305999999999999,792.0
2022-01-02 13:00:00,0.2074,798.0
2022-01-02 14:00:00,0.1161666666666666,787.0
2022-01-02 15:00:00,0.5695,810.0
2022-01-02 16:00:00,0.612,827.0
2022-01-02 17:00:00,0.1303333333333333,829.0
2022-01-02 18:00:00,0.0,831.0
2022-01-02 19:00:00,0.0,831.0
2022-01-02 20:00:00,0.017,827.0
2022-01-02 21:00:00,0.0,825.0
2022-01-02 22:00:00,0.0198333333333333,827.0
2022-01-02 23:00:00,0.9831666666666666,831.0
2022-01-03 00:00:00,1.377,831.0
2022-01-03 01:00:00,2.737,833.0
2022-01-03 02:00:00,0.425,833.0
2022-01-03 03:00:00,0.731,833.0
2022-01-03 04:00:00,13.26,829.0
2022-01-03 05:00:00,8.392333333333333,827.0
2022-01-03 06:00:00,8.454666666666666,808.0
2022-01-03 07:00:00,0.544,816.0
2022-01-03 08:00:00,0.0,829.0
2022-01-03 09:00:00,0.0,697.0
2022-01-03 10:00:00,0.0,750.0
2022-01-03 11:00:00,0.0,711.0
2022-01-03 12:00:00,0.0,777.0
2022-01-03 13:00:00,0.0,812.0
2022-01-04 11:00:00,0.017,833.0
2022-01-04 12:00:00,0.0,835.0
2022-01-04 13:00:00,0.0,837.0
2022-01-04 14:00:00,0.0,837.0
2022-01-04 15:00:00,0.0,837.0
2022-01-04 16:00:00,0.0,839.0
2022-01-04 17:00:00,0.0,843.0
2022-01-05 13:00:00,0.0509999999999999,849.0
2022-01-05 14:00:00,0.0,849.0
2022-01-05 15:00:00,0.0,849.0
2022-01-05 16:00:00,0.0,849.0
2022-01-05 17:00:00,0.0,849.0
2022-01-05 18:00:00,0.0,849.0
2022-01-05 19:00:00,0.0,849.0
2022-01-06 09:00:00,0.017,849.0
2022-01-06 10:00:00,0.0,849.0
2022-01-06 11:00:00,0.0,849.0
2022-01-06 12:00:00,0.0,849.0
2022-01-06 13:00:00,0.0,849.0
2022-01-06 14:00:00,0.0,849.0
2022-01-06 15:00:00,0.0782,849.0
2022-01-06 16:00:00,0.2108,849.0
2022-01-06 17:00:00,0.0,849.0
2022-01-06 18:00:00,0.3994999999999999,849.0
2022-01-06 19:00:00,0.2465,849.0
2022-01-06 20:00:00,0.017,849.0
2022-01-06 21:00:00,0.0,850.0
2022-01-06 22:00:00,0.017,850.0
2022-01-06 23:00:00,0.0,850.0
2022-01-07 00:00:00,0.0,850.0
2022-01-07 01:00:00,0.0,841.0
2022-01-07 02:00:00,0.0,847.0
2022-01-07 03:00:00,0.0,849.0
2022-01-07 04:00:00,0.0,849.0
2022-01-09 13:00:00,0.493,852.0
2022-01-09 14:00:00,0.714,852.0
2022-01-09 15:00:00,1.377,852.0
2022-01-09 16:00:00,0.0,852.0
2022-01-09 17:00:00,0.629,852.0
2022-01-09 18:00:00,5.712000000000001,850.0
2022-01-09 19:00:00,1.462,829.0
2022-01-09 20:00:00,0.017,812.0
2022-01-09 21:00:00,0.0,837.0
2022-01-09 22:00:00,0.017,845.0
2022-01-09 23:00:00,0.0,788.0
2022-01-10 00:00:00,0.0,818.0
2022-01-10 01:00:00,0.0,827.0
2022-01-10 02:00:00,0.017,833.0
2022-01-10 03:00:00,0.017,839.0
2022-01-10 04:00:00,0.0,841.0
2022-01-10 05:00:00,0.0,845.0
2022-01-10 06:00:00,0.017,847.0
2022-01-10 07:00:00,0.017,849.0
2022-01-10 08:00:00,0.0,849.0
2022-01-10 09:00:00,0.034,849.0
2022-01-10 10:00:00,0.0,849.0
2022-01-10 11:00:00,0.0,849.0
2022-01-10 12:00:00,0.0,849.0
2022-01-10 13:00:00,0.0,849.0
2022-01-10 14:00:00,0.0,850.0
2022-01-10 15:00:00,0.0,850.0
2022-01-12 11:00:00,0.034,852.0
2022-01-12 12:00:00,0.0,852.0
2022-01-12 13:00:00,0.0,852.0
2022-01-12 14:00:00,0.0,852.0
2022-01-12 15:00:00,0.0,852.0
2022-01-12 16:00:00,0.0,852.0
2022-01-12 17:00:00,0.0,852.0
2022-01-13 10:00:00,0.034,852.0
2022-01-13 11:00:00,0.0,852.0
2022-01-13 12:00:00,0.0,852.0
2022-01-13 13:00:00,0.0,852.0
2022-01-13 14:00:00,0.0,852.0
2022-01-13 15:00:00,0.0,852.0
2022-01-13 16:00:00,0.0,818.0
2022-01-16 01:00:00,0.17,852.0
2022-01-16 02:00:00,0.731,852.0
2022-01-16 03:00:00,0.0,852.0
2022-01-16 04:00:00,0.0,852.0
2022-01-16 05:00:00,0.0,852.0
2022-01-16 06:00:00,0.0,850.0
2022-01-16 07:00:00,0.0,852.0
2022-01-16 08:00:00,0.0,816.0
2022-01-17 11:00:00,0.0566666666666666,839.0
2022-01-17 12:00:00,0.2731333333333333,839.0
2022-01-17 13:00:00,0.8432,839.0
2022-01-17 14:00:00,0.7941428571428572,839.0
2022-01-17 15:00:00,1.3676904761904762,837.0
2022-01-17 16:00:00,0.4788333333333333,823.0
2022-01-17 17:00:00,1.2693333333333332,825.0
2022-01-17 18:00:00,0.272,827.0
2022-01-17 19:00:00,0.0821666666666666,825.0
2022-01-17 20:00:00,0.0198333333333333,823.0
2022-01-17 21:00:00,0.0,827.0
2022-01-17 22:00:00,0.0,829.0
2022-01-17 23:00:00,0.0,825.0
2022-01-18 00:00:00,0.0,827.0
2022-01-18 01:00:00,0.0,831.0
2022-01-18 02:00:00,0.0,833.0
2022-01-18 11:00:00,0.34,845.0
2022-01-18 12:00:00,0.7791666666666667,845.0
2022-01-18 13:00:00,0.7702619047619048,847.0
2022-01-18 14:00:00,0.1165714285714285,849.0
2022-01-18 15:00:00,0.017,849.0
2022-01-18 16:00:00,0.0,845.0
2022-01-18 17:00:00,0.0,835.0
2022-01-18 18:00:00,0.0,833.0
2022-01-18 19:00:00,0.0,833.0
2022-01-18 20:00:00,0.0,831.0
2022-01-18 21:00:00,0.0,827.0
2022-01-19 10:00:00,0.017,843.0
2022-01-19 11:00:00,0.0,847.0
2022-01-19 12:00:00,0.0,849.0
2022-01-19 13:00:00,0.0,849.0
2022-01-19 14:00:00,0.0,849.0
2022-01-19 15:00:00,0.0,849.0
2022-01-19 16:00:00,0.0,849.0
2022-01-20 05:00:00,0.0283333333333333,849.0
2022-01-20 06:00:00,0.1076666666666666,849.0
2022-01-20 07:00:00,0.017,849.0
2022-01-20 08:00:00,0.0,849.0
2022-01-20 09:00:00,0.0,849.0
2022-01-20 10:00:00,0.0,849.0
2022-01-20 11:00:00,0.0396666666666666,852.0
2022-01-20 12:00:00,0.0861333333333333,852.0
2022-01-20 13:00:00,0.8602000000000001,850.0
2022-01-20 14:00:00,0.6562,852.0
2022-01-20 15:00:00,0.5337999999999999,852.0
2022-01-20 16:00:00,0.119,852.0
2022-01-20 17:00:00,0.6176666666666667,852.0
2022-01-20 18:00:00,0.9259333333333332,835.0
2022-01-20 19:00:00,0.4284,823.0
2022-01-20 20:00:00,0.051,825.0
2022-01-20 21:00:00,0.017,833.0
2022-01-20 22:00:00,0.0,837.0
2022-01-20 23:00:00,0.0,825.0
2022-01-21 00:00:00,0.0,825.0
2022-01-21 01:00:00,0.0,829.0
2022-01-21 02:00:00,0.0,833.0
2022-01-21 03:00:00,0.0,837.0
2022-01-23 11:00:00,0.051,852.0
2022-01-23 12:00:00,0.0,852.0
2022-01-23 13:00:00,0.0,852.0
2022-01-23 14:00:00,0.0,852.0
2022-01-23 15:00:00,0.0,852.0
2022-01-23 16:00:00,0.0,852.0
2022-01-23 17:00:00,0.0,852.0
2022-02-02 14:00:00,0.068,852.0
2022-02-02 15:00:00,0.0,850.0
2022-02-02 16:00:00,0.0,852.0
2022-02-02 17:00:00,0.0,852.0
2022-02-02 18:00:00,0.0,850.0
2022-02-02 19:00:00,0.0,852.0
2022-02-02 20:00:00,0.0,850.0
2022-02-02 22:00:00,0.6799999999999999,852.0
2022-02-02 23:00:00,0.3173333333333333,852.0
2022-02-03 00:00:00,0.3286666666666666,852.0
2022-02-03 01:00:00,0.153,852.0
2022-02-03 02:00:00,1.0506,852.0
2022-02-03 03:00:00,0.7684,852.0
2022-02-03 04:00:00,0.187,850.0
2022-02-03 05:00:00,1.3798333333333332,852.0
2022-02-03 06:00:00,1.9487666666666668,816.0
2022-02-03 07:00:00,0.7400666666666667,816.0
2022-02-03 08:00:00,0.9973333333333334,823.0
2022-02-03 09:00:00,1.977666666666667,827.0
2022-02-03 10:00:00,1.6518333333333333,823.0
2022-02-03 11:00:00,0.5865,821.0
2022-02-03 12:00:00,0.2153333333333333,825.0
2022-02-03 13:00:00,0.8556666666666667,827.0
2022-02-03 14:00:00,2.3120000000000003,823.0
2022-02-03 15:00:00,1.3033333333333332,823.0
2022-02-03 16:00:00,7.14,827.0
2022-02-03 17:00:00,2.1000666666666667,829.0
2022-02-03 18:00:00,2.5806,829.0
2022-02-03 19:00:00,5.083,823.0
2022-02-03 20:00:00,0.935,823.0
2022-02-03 21:00:00,0.051,771.0
2022-02-03 22:00:00,1.7991666666666666,765.0
2022-02-03 23:00:00,5.3635,806.0
2022-02-04 00:00:00,3.3501333333333334,754.0
2022-02-04 01:00:00,3.1178,804.0
2022-02-04 02:00:00,2.1964,821.0
2022-02-04 03:00:00,3.179,825.0
2022-02-04 04:00:00,3.298,777.0
2022-02-04 05:00:00,2.6973333333333334,781.0
2022-02-04 06:00:00,1.4846666666666666,787.0
2022-02-04 07:00:00,1.2551666666666663,790.0
2022-02-04 08:00:00,0.1490333333333333,787.0
2022-02-04 09:00:00,0.2957999999999999,788.0
2022-02-04 10:00:00,2.414,785.0
2022-02-04 11:00:00,0.034,798.0
2022-02-04 12:00:00,0.017,808.0
2022-02-04 13:00:00,0.0,818.0
2022-02-04 14:00:00,0.0,829.0
2022-02-04 15:00:00,0.0,798.0
2022-02-04 16:00:00,0.0,821.0
2022-02-04 17:00:00,0.0,827.0
2022-02-04 18:00:00,0.0,829.0
2022-02-07 06:00:00,0.0396666666666666,849.0
2022-02-07 07:00:00,0.1643333333333333,849.0
2022-02-07 08:00:00,0.017,849.0
2022-02-07 09:00:00,0.0,850.0
2022-02-07 10:00:00,0.0,849.0
2022-02-07 11:00:00,0.0,849.0
2022-02-07 12:00:00,0.0,849.0
2022-02-07 13:00:00,0.0,849.0
2022-02-07 14:00:00,0.0,849.0
2022-02-08 02:00:00,0.017,849.0
2022-02-08 03:00:00,0.034,849.0
2022-02-08 04:00:00,0.017,849.0
2022-02-08 05:00:00,0.017,849.0
2022-02-08 06:00:00,0.0,849.0
2022-02-08 07:00:00,0.017,849.0
2022-02-08 08:00:00,0.0,849.0
2022-02-08 09:00:00,0.017,849.0
2022-02-08 10:00:00,0.0,849.0
2022-02-08 11:00:00,0.0,849.0
2022-02-08 12:00:00,0.0,849.0
2022-02-08 13:00:00,0.0,849.0
2022-02-08 14:00:00,0.0,849.0
2022-02-08 15:00:00,0.0,849.0
2022-02-09 10:00:00,0.017,852.0
2022-02-09 11:00:00,0.017,852.0
2022-02-09 12:00:00,0.0,852.0
2022-02-09 13:00:00,0.0,852.0
2022-02-09 14:00:00,0.0,852.0
2022-02-09 15:00:00,0.0,852.0
2022-02-09 16:00:00,0.0,852.0
2022-02-09 17:00:00,0.0,852.0
2022-02-13 09:00:00,0.272,850.0
2022-02-13 10:00:00,0.0,852.0
2022-02-13 11:00:00,0.0,852.0
2022-02-13 12:00:00,0.0,852.0
2022-02-13 13:00:00,0.0,852.0
2022-02-13 14:00:00,0.0,852.0
2022-02-13 15:00:00,0.0,852.0
2022-02-17 09:00:00,0.0781999999999999,852.0
2022-02-17 10:00:00,0.3468,852.0
2022-02-17 11:00:00,0.017,852.0
2022-02-17 12:00:00,0.0,850.0
2022-02-17 13:00:00,0.0,852.0
2022-02-17 14:00:00,0.0,852.0
2022-02-17 15:00:00,0.0,852.0
2022-02-17 16:00:00,0.0,852.0
2022-02-17 17:00:00,0.0,852.0
2022-02-17 22:00:00,0.5474,852.0
2022-02-17 23:00:00,0.9486,852.0
2022-02-18 00:00:00,16.592,850.0
2022-02-18 01:00:00,4.8076,850.0
2022-02-18 02:00:00,2.4174,850.0
2022-02-18 03:00:00,0.085,852.0
2022-02-18 04:00:00,0.0,802.0
2022-02-18 05:00:00,0.0272,763.0
2022-02-18 06:00:00,0.0918,796.0
2022-02-18 07:00:00,0.017,804.0
2022-02-18 08:00:00,0.0,819.0
2022-02-18 09:00:00,0.0,827.0
2022-02-18 10:00:00,0.0,829.0
2022-02-18 11:00:00,0.0,833.0
2022-02-18 12:00:00,0.0,833.0
2022-02-18 13:00:00,0.0,833.0
2022-02-18 14:00:00,0.017,833.0
2022-02-18 15:00:00,0.0,833.0
2022-02-18 16:00:00,0.0,837.0
2022-02-18 17:00:00,0.0,837.0
2022-02-18 18:00:00,0.0,839.0
2022-02-18 19:00:00,0.0,841.0
2022-02-18 20:00:00,0.0,843.0
2022-02-19 10:00:00,0.034,850.0
2022-02-19 11:00:00,0.0,850.0
2022-02-19 12:00:00,0.0,852.0
2022-02-19 13:00:00,0.0,852.0
2022-02-19 14:00:00,0.0,852.0
2022-02-19 15:00:00,0.0,852.0
2022-02-19 16:00:00,0.0,852.0
2022-02-21 18:00:00,0.3332,852.0
2022-02-21 19:00:00,0.6103,850.0
2022-02-21 20:00:00,0.4335,850.0
2022-02-21 21:00:00,0.017,852.0
2022-02-21 22:00:00,0.0,852.0
2022-02-21 23:00:00,0.0,852.0
2022-02-22 00:00:00,0.0,850.0
2022-02-22 01:00:00,0.119,833.0
2022-02-22 02:00:00,0.0,833.0
2022-02-22 03:00:00,0.0,845.0
2022-02-22 04:00:00,0.017,850.0
2022-02-22 05:00:00,0.017,850.0
2022-02-22 06:00:00,1.02,850.0
2022-02-22 07:00:00,0.238,852.0
2022-02-22 08:00:00,0.0,850.0
2022-02-22 12:00:00,0.0,823.0
2022-02-23 06:00:00,0.4012,850.0
2022-02-23 07:00:00,1.5708,850.0
2022-02-23 08:00:00,2.0286666666666666,850.0
2022-02-23 09:00:00,7.991133333333333,850.0
2022-02-23 10:00:00,1.3362,850.0
2022-02-23 11:00:00,0.017,850.0
2022-02-23 12:00:00,0.0,821.0
2022-02-23 13:00:00,0.0,825.0
2022-02-23 14:00:00,0.0,781.0
2022-02-23 15:00:00,0.017,792.0
2022-02-23 16:00:00,0.0,819.0
2022-02-23 17:00:00,0.0,827.0
2022-02-23 18:00:00,0.0,833.0
2022-02-23 19:00:00,0.0,837.0
2022-02-23 20:00:00,0.0,839.0
2022-02-23 21:00:00,0.0,841.0
2022-02-24 06:00:00,0.051,843.0
2022-02-24 07:00:00,0.0306,843.0
2022-02-24 08:00:00,0.0204,843.0
2022-02-24 09:00:00,0.017,843.0
2022-02-24 10:00:00,0.0,843.0
2022-02-24 11:00:00,0.0,845.0
2022-02-24 12:00:00,0.0,845.0
2022-02-24 13:00:00,0.0,845.0
2022-02-24 14:00:00,0.0,845.0
2022-02-24 15:00:00,0.0,845.0
2022-02-26 21:00:00,0.034,850.0
2022-02-26 22:00:00,0.0,852.0
2022-02-26 23:00:00,0.0,852.0
2022-02-27 00:00:00,0.0,852.0
2022-02-27 01:00:00,0.0,850.0
2022-02-27 02:00:00,0.221,850.0
2022-02-27 03:00:00,0.0,850.0
2022-02-27 04:00:00,1.6206666666666667,852.0
2022-02-27 05:00:00,2.3771666666666667,852.0
2022-02-27 06:00:00,0.3915666666666667,850.0
2022-02-27 07:00:00,1.1497666666666666,850.0
2022-02-27 08:00:00,1.9833333333333332,850.0
2022-02-27 09:00:00,0.8443333333333333,819.0
2022-02-27 10:00:00,0.5411666666666667,818.0
2022-02-27 11:00:00,2.278,827.0
2022-02-27 12:00:00,2.7506,827.0
2022-02-27 13:00:00,0.1960666666666666,819.0
2022-02-27 14:00:00,0.2493333333333333,827.0
2022-02-27 15:00:00,0.0,827.0
2022-02-27 16:00:00,0.0,823.0
2022-02-27 17:00:00,0.0,812.0
2022-02-27 18:00:00,0.0,814.0
2022-02-27 19:00:00,0.0,825.0
2022-02-27 20:00:00,0.0,829.0
2022-02-28 09:00:00,0.017,845.0
2022-02-28 10:00:00,0.0,845.0
2022-02-28 11:00:00,0.0,843.0
2022-02-28 12:00:00,0.0,843.0
2022-02-28 13:00:00,0.0,843.0
2022-02-28 14:00:00,0.0,843.0
2022-02-28 15:00:00,0.0,845.0
2022-03-07 18:00:00,3.281,850.0
2022-03-07 19:00:00,1.139,850.0
2022-03-07 20:00:00,0.017,850.0
2022-03-07 21:00:00,0.102,850.0
2022-03-07 22:00:00,0.017,850.0
2022-03-07 23:00:00,0.017,808.0
2022-03-08 00:00:00,0.017,783.0
2022-03-08 01:00:00,0.017,843.0
2022-03-08 02:00:00,0.017,850.0
2022-03-08 03:00:00,0.017,850.0
2022-03-08 04:00:00,0.017,850.0
2022-03-08 05:00:00,0.0,852.0
2022-03-08 06:00:00,0.0,850.0
2022-03-08 07:00:00,0.017,850.0
2022-03-08 08:00:00,0.0,850.0
2022-03-08 09:00:00,0.0,850.0
2022-03-08 10:00:00,0.0,850.0
2022-03-08 11:00:00,0.0,850.0
2022-03-08 12:00:00,0.0,850.0
2022-03-08 13:00:00,0.0,850.0
2022-03-08 15:00:00,0.034,852.0
2022-03-08 16:00:00,2.873,850.0
2022-03-08 17:00:00,1.3005,850.0
2022-03-08 18:00:00,2.5216666666666665,850.0
2022-03-08 19:00:00,7.414833333333334,850.0
2022-03-08 20:00:00,4.93,850.0
2022-03-08 21:00:00,2.2474,806.0
2022-03-08 22:00:00,4.206933333333334,825.0
2022-03-08 23:00:00,0.1756666666666667,816.0
2022-03-09 00:00:00,0.935,792.0
2022-03-09 01:00:00,0.357,771.0
2022-03-09 02:00:00,0.0679999999999999,800.0
2022-03-09 03:00:00,0.0,790.0
2022-03-09 04:00:00,0.0,798.0
2022-03-09 05:00:00,0.0085,816.0
2022-03-09 06:00:00,1.9465,829.0
2022-03-09 07:00:00,5.559,827.0
2022-03-09 08:00:00,5.9783333333333335,831.0
2022-03-09 09:00:00,1.1888666666666663,833.0
2022-03-09 10:00:00,0.3298,833.0
2022-03-09 11:00:00,0.0,825.0
2022-03-09 12:00:00,0.0,785.0
2022-03-09 13:00:00,0.0,767.0
2022-03-09 14:00:00,0.0,773.0
2022-03-09 15:00:00,0.0,808.0
2022-03-09 16:00:00,0.0,827.0
2022-03-10 13:00:00,0.1019999999999999,837.0
2022-03-10 14:00:00,0.0,839.0
2022-03-10 15:00:00,0.0,843.0
2022-03-10 16:00:00,0.0,845.0
2022-03-10 17:00:00,0.0,849.0
2022-03-10 18:00:00,0.0,849.0
2022-03-10 19:00:00,0.0,849.0
2022-03-12 00:00:00,0.2176,849.0
2022-03-12 01:00:00,4.995733333333333,849.0
2022-03-12 02:00:00,8.695500000000001,849.0
2022-03-12 03:00:00,7.188166666666667,849.0
2022-03-12 04:00:00,5.049,849.0
2022-03-12 05:00:00,0.153,849.0
2022-03-12 06:00:00,1.224,773.0
2022-03-12 07:00:00,0.0,781.0
2022-03-12 08:00:00,0.0,734.0
2022-03-12 09:00:00,0.0,759.0
2022-03-12 10:00:00,0.0,783.0
2022-03-12 11:00:00,0.0,808.0
2022-03-12 12:00:00,0.0,823.0
2022-03-16 04:00:00,0.6324000000000001,849.0
2022-03-16 05:00:00,4.3911,849.0
2022-03-16 06:00:00,1.8717,849.0
2022-03-16 07:00:00,1.1934,850.0
2022-03-16 08:00:00,2.6894,829.0
2022-03-16 09:00:00,9.503,819.0
2022-03-16 10:00:00,5.060333333333333,818.0
2022-03-16 11:00:00,4.282866666666667,825.0
2022-03-16 12:00:00,1.4263,812.0
2022-03-16 13:00:00,0.5128333333333333,732.0
2022-03-16 14:00:00,0.0226666666666666,759.0
2022-03-16 15:00:00,0.238,752.0
2022-03-16 16:00:00,0.0,779.0
2022-03-16 17:00:00,0.0,810.0
2022-03-16 18:00:00,0.0,821.0
2022-03-16 19:00:00,0.0,829.0
2022-03-16 20:00:00,0.0,827.0
2022-03-16 21:00:00,0.0,829.0
2022-03-17 06:00:00,0.0113333333333333,839.0
2022-03-17 07:00:00,0.0566666666666666,839.0
2022-03-17 08:00:00,0.0481666666666666,839.0
2022-03-17 09:00:00,0.0368333333333333,839.0
2022-03-17 10:00:00,0.017,839.0
2022-03-17 11:00:00,0.0255,839.0
2022-03-17 12:00:00,0.0085,839.0
2022-03-17 13:00:00,0.0,839.0
2022-03-17 14:00:00,0.0,839.0
2022-03-17 15:00:00,0.0,839.0
2022-03-17 16:00:00,0.0,839.0
2022-03-17 17:00:00,0.0,839.0
2022-03-17 18:00:00,0.0,839.0
2022-03-18 10:00:00,0.0368333333333333,839.0
2022-03-18 11:00:00,0.0311666666666666,839.0
2022-03-18 12:00:00,0.0,839.0
2022-03-18 13:00:00,0.0,839.0
2022-03-18 14:00:00,2.1794,839.0
2022-03-18 15:00:00,4.6574333333333335,839.0
2022-03-18 16:00:00,3.125166666666667,839.0
2022-03-18 17:00:00,0.0,841.0
2022-03-18 18:00:00,0.0,819.0
2022-03-18 19:00:00,0.0,812.0
2022-03-18 20:00:00,0.0,804.0
2022-03-18 21:00:00,0.0,818.0
2022-03-18 22:00:00,0.0,829.0
2022-03-19 00:00:00,0.034,833.0
2022-03-19 01:00:00,0.136,837.0
2022-03-19 02:00:00,0.017,837.0
2022-03-19 03:00:00,0.085,837.0
2022-03-19 04:00:00,0.119,837.0
2022-03-19 05:00:00,0.2295,837.0
2022-03-19 06:00:00,0.1445,837.0
2022-03-19 07:00:00,0.0255,837.0
2022-03-19 08:00:00,0.0255,837.0
2022-03-19 09:00:00,0.017,833.0
2022-03-19 10:00:00,0.0,833.0
2022-03-19 11:00:00,0.0,833.0
2022-03-19 12:00:00,0.0,837.0
2022-03-19 13:00:00,0.0,839.0
2022-03-19 14:00:00,0.0,843.0
2022-03-19 15:00:00,0.0,843.0
2022-03-23 06:00:00,1.309,852.0
2022-03-23 07:00:00,4.131,850.0
2022-03-23 08:00:00,5.173666666666667,852.0
2022-03-23 09:00:00,3.615333333333333,850.0
2022-03-23 10:00:00,1.4178,829.0
2022-03-23 11:00:00,2.2825333333333337,808.0
2022-03-23 12:00:00,0.2096666666666666,790.0
2022-03-23 13:00:00,6.9190000000000005,742.0
2022-03-23 14:00:00,0.0,812.0
2022-03-23 15:00:00,0.0,800.0
2022-03-23 16:00:00,0.0,825.0
2022-03-23 17:00:00,0.0,732.0
2022-03-23 18:00:00,0.0,796.0
2022-03-23 19:00:00,0.0,829.0
2022-04-13 12:00:00,0.1019999999999999,850.0
2022-04-13 13:00:00,0.0,850.0
2022-04-13 14:00:00,0.0,850.0
2022-04-13 15:00:00,0.0,850.0
2022-04-13 16:00:00,0.0,852.0
2022-04-13 17:00:00,0.0,850.0
2022-04-13 18:00:00,0.0,850.0
2022-04-16 06:00:00,0.4306666666666666,852.0
2022-04-16 07:00:00,4.298166666666667,850.0
2022-04-16 08:00:00,3.3461666666666665,852.0
2022-04-16 09:00:00,0.119,852.0
2022-04-16 10:00:00,0.0,850.0
2022-04-16 11:00:00,0.0,808.0
2022-04-16 12:00:00,0.0,812.0
2022-04-16 13:00:00,0.0,827.0
2022-04-16 14:00:00,0.0,839.0
2022-04-16 15:00:00,0.0,845.0
2022-04-17 04:00:00,0.085,850.0
2022-04-17 05:00:00,0.017,850.0
2022-04-17 06:00:00,0.017,850.0
2022-04-17 07:00:00,0.017,850.0
2022-04-17 08:00:00,0.017,850.0
2022-04-17 09:00:00,0.0,850.0
2022-04-17 10:00:00,0.0,850.0
2022-04-17 11:00:00,0.0,850.0
2022-04-17 12:00:00,0.0,850.0
2022-04-17 13:00:00,0.0,850.0
2022-04-17 14:00:00,0.0,850.0
2022-04-17 23:00:00,0.221,850.0
2022-04-18 00:00:00,5.765833333333333,850.0
2022-04-18 01:00:00,3.169366666666667,850.0
2022-04-18 02:00:00,3.395466666666666,850.0
2022-04-18 03:00:00,12.109666666666667,850.0
2022-04-18 04:00:00,1.0965,790.0
2022-04-18 05:00:00,4.7515,816.0
2022-04-18 06:00:00,2.1561666666666666,806.0
2022-04-18 07:00:00,4.0375,678.0
2022-04-18 08:00:00,13.4725,781.0
2022-04-18 09:00:00,1.8785,777.0
2022-04-18 10:00:00,0.0,796.0
2022-04-18 11:00:00,0.0,790.0
2022-04-18 12:00:00,0.0,657.0
2022-04-18 13:00:00,0.0,750.0
2022-04-18 14:00:00,0.0,806.0
2022-04-18 15:00:00,0.0,823.0
2022-04-23 07:00:00,0.034,850.0
2022-04-23 08:00:00,0.017,850.0
2022-04-23 09:00:00,0.017,850.0
2022-04-23 10:00:00,0.0,850.0
2022-04-23 11:00:00,0.0,850.0
2022-04-23 12:00:00,0.0,850.0
2022-04-23 13:00:00,0.0,850.0
2022-04-23 14:00:00,0.0,850.0
2022-04-23 15:00:00,0.0,850.0
2022-04-24 08:00:00,0.017,850.0
2022-04-24 09:00:00,0.0,850.0
2022-04-24 10:00:00,0.0,850.0
2022-04-24 11:00:00,0.0,850.0
2022-04-24 12:00:00,0.0,850.0
2022-04-24 13:00:00,0.0,850.0
2022-04-24 14:00:00,0.0,850.0
2022-04-25 07:00:00,0.017,850.0
2022-04-25 08:00:00,0.034,850.0
2022-04-25 09:00:00,0.017,850.0
2022-04-25 10:00:00,0.0,850.0
2022-04-25 11:00:00,0.0,850.0
2022-04-25 12:00:00,0.0,850.0
2022-04-25 13:00:00,0.0,852.0
2022-04-25 14:00:00,0.0,850.0
2022-04-25 15:00:00,0.0,850.0
2022-04-26 07:00:00,0.017,850.0
2022-04-26 08:00:00,0.017,850.0
2022-04-26 09:00:00,0.017,850.0
2022-04-26 10:00:00,0.0,850.0
2022-04-26 11:00:00,0.0,850.0
2022-04-26 12:00:00,0.2108,850.0
2022-04-26 13:00:00,1.6422,850.0
2022-04-26 14:00:00,0.0,850.0
2022-04-26 15:00:00,0.0,850.0
2022-04-26 16:00:00,0.0,850.0
2022-04-26 17:00:00,0.0,814.0
2022-04-26 18:00:00,0.0,843.0
2022-04-26 19:00:00,0.0,850.0
2022-05-04 05:00:00,0.034,850.0
2022-05-04 06:00:00,0.0679999999999999,850.0
2022-05-04 07:00:00,0.0,850.0
2022-05-04 08:00:00,0.0,850.0
2022-05-04 09:00:00,0.0,850.0
2022-05-04 10:00:00,0.0,850.0
2022-05-04 11:00:00,0.0,850.0
2022-05-04 12:00:00,0.0,850.0
2022-05-05 07:00:00,0.017,850.0
2022-05-05 08:00:00,0.017,850.0
2022-05-05 09:00:00,0.0,850.0
2022-05-05 10:00:00,0.0,850.0
2022-05-05 11:00:00,0.0,850.0
2022-05-05 12:00:00,0.0,850.0
2022-05-05 13:00:00,0.0,850.0
2022-05-05 14:00:00,0.0,850.0
2022-05-06 03:00:00,0.238,850.0
2022-05-06 04:00:00,0.068,850.0
2022-05-06 05:00:00,0.034,850.0
2022-05-06 06:00:00,0.0113333333333333,850.0
2022-05-06 07:00:00,0.0056666666666666,850.0
2022-05-06 08:00:00,0.017,850.0
2022-05-06 09:00:00,0.0,850.0
2022-05-06 10:00:00,0.017,850.0
2022-05-06 11:00:00,0.0,850.0
2022-05-06 12:00:00,0.0,850.0
2022-05-06 13:00:00,0.0,852.0
2022-05-06 14:00:00,0.0,850.0
2022-05-06 15:00:00,0.0,850.0
2022-05-06 16:00:00,0.0,850.0
2022-05-13 03:00:00,0.2295,850.0
2022-05-13 04:00:00,0.2323333333333333,850.0
2022-05-13 05:00:00,0.1615,850.0
2022-05-13 06:00:00,0.1246666666666666,850.0
2022-05-13 07:00:00,0.0991666666666666,850.0
2022-05-13 08:00:00,0.0708333333333333,847.0
2022-05-13 09:00:00,0.051,850.0
2022-05-13 10:00:00,0.0255,850.0
2022-05-13 11:00:00,0.0085,850.0
2022-05-13 12:00:00,0.0,850.0
2022-05-13 13:00:00,0.0,850.0
2022-05-13 14:00:00,0.0,850.0
2022-05-13 15:00:00,0.0,850.0
2022-05-13 16:00:00,0.0,850.0
2022-05-13 17:00:00,0.0,850.0
2022-05-13 18:00:00,0.153,850.0
2022-05-13 19:00:00,0.2142,850.0
2022-05-13 20:00:00,0.2164666666666667,850.0
2022-05-13 21:00:00,0.2323333333333333,850.0
2022-05-13 22:00:00,0.0,850.0
2022-05-13 23:00:00,0.0,850.0
2022-05-14 00:00:00,0.0,850.0
2022-05-14 01:00:00,0.0,850.0
2022-05-14 02:00:00,0.017,850.0
2022-05-14 03:00:00,0.017,850.0
2022-05-14 04:00:00,0.017,850.0
2022-05-14 05:00:00,0.017,850.0
2022-05-14 06:00:00,0.017,850.0
2022-05-14 07:00:00,0.017,850.0
2022-05-14 08:00:00,0.017,850.0
2022-05-14 09:00:00,0.017,852.0
2022-05-14 10:00:00,0.0,850.0
2022-05-14 11:00:00,0.0,850.0
2022-05-14 12:00:00,0.0,850.0
2022-05-14 13:00:00,0.0,850.0
2022-05-14 14:00:00,0.0,850.0
2022-05-14 15:00:00,0.0,850.0
2022-05-14 17:00:00,0.017,850.0
2022-05-14 18:00:00,0.017,850.0
2022-05-14 19:00:00,0.0,850.0
2022-05-14 20:00:00,0.0,850.0
2022-05-14 21:00:00,0.0,850.0
2022-05-14 22:00:00,0.0,850.0
2022-05-14 23:00:00,0.0,850.0
2022-05-15 00:00:00,0.0,850.0
2022-05-20 08:00:00,0.017,850.0
2022-05-20 09:00:00,0.017,850.0
2022-05-20 10:00:00,0.0,850.0
2022-05-20 11:00:00,0.0,850.0
2022-05-20 12:00:00,0.0,850.0
2022-05-20 13:00:00,0.0,850.0
2022-05-20 14:00:00,0.0,850.0
2022-05-20 15:00:00,0.0,850.0
2022-05-22 06:00:00,0.051,850.0
2022-05-22 07:00:00,0.0,850.0
2022-05-22 08:00:00,0.017,850.0
2022-05-22 09:00:00,0.0,850.0
2022-05-22 10:00:00,0.0,850.0
2022-05-22 11:00:00,0.0,850.0
2022-05-22 12:00:00,0.0,850.0
2022-05-22 13:00:00,0.0,850.0
2022-05-22 14:00:00,0.0,850.0
2022-05-23 00:00:00,2.108,850.0
2022-05-23 01:00:00,0.017,850.0
2022-05-23 02:00:00,0.0,850.0
2022-05-23 03:00:00,0.017,850.0
2022-05-23 04:00:00,0.0,787.0
2022-05-23 05:00:00,0.0,825.0
2022-05-23 06:00:00,0.0,850.0
2022-05-23 07:00:00,0.0,850.0
2022-05-23 08:00:00,0.0,850.0
2022-05-23 09:00:00,0.0,850.0
2022-05-23 10:00:00,2.9495,850.0
2022-05-23 11:00:00,10.4805,850.0
2022-05-23 12:00:00,2.227,850.0
2022-05-23 13:00:00,1.9635,850.0
2022-05-23 14:00:00,0.7735000000000001,825.0
2022-05-23 15:00:00,0.0,765.0
2022-05-23 16:00:00,1.6745,818.0
2022-05-23 17:00:00,2.8135,810.0
2022-05-23 18:00:00,0.0,823.0
2022-05-23 19:00:00,0.0,833.0
2022-05-23 20:00:00,0.0,845.0
2022-05-23 21:00:00,0.0,800.0
2022-05-23 22:00:00,0.0,835.0
2022-05-23 23:00:00,0.0,849.0
2022-05-24 22:00:00,7.072,850.0
2022-05-24 23:00:00,8.67,850.0
2022-05-25 00:00:00,0.017,850.0
2022-05-25 01:00:00,9.112,850.0
2022-05-25 02:00:00,1.224,761.0
2022-05-25 03:00:00,0.2804999999999999,730.0
2022-05-25 04:00:00,0.0425,829.0
2022-05-25 05:00:00,0.017,701.0
2022-05-25 06:00:00,0.0,816.0
2022-05-25 07:00:00,0.0,816.0
2022-05-25 08:00:00,0.0,823.0
2022-05-25 09:00:00,0.0,827.0
2022-05-25 10:00:00,0.0,827.0
2022-05-25 11:00:00,0.0,833.0
2022-05-26 08:00:00,0.4335,850.0
2022-05-26 09:00:00,1.0965,850.0
2022-05-26 10:00:00,1.377,850.0
2022-05-26 11:00:00,0.357,850.0
2022-05-26 12:00:00,0.0,850.0
2022-05-26 13:00:00,0.0,819.0
2022-05-26 14:00:00,0.0,818.0
2022-05-26 15:00:00,2.074,833.0
2022-05-26 16:00:00,0.0,837.0
2022-05-26 17:00:00,7.288142857142857,849.0
2022-05-26 18:00:00,4.724057142857143,850.0
2022-05-26 19:00:00,5.7018,810.0
2022-05-26 20:00:00,1.5810000000000002,829.0
2022-05-26 21:00:00,0.051,773.0
2022-05-26 22:00:00,2.1896,730.0
2022-05-26 23:00:00,0.2754,726.0
2022-05-27 00:00:00,0.0,759.0
2022-05-27 01:00:00,0.119,825.0
2022-05-27 02:00:00,0.17,812.0
2022-05-27 03:00:00,2.261,818.0
2022-05-27 04:00:00,0.0,829.0
2022-05-27 05:00:00,0.017,829.0
2022-05-27 06:00:00,0.0,829.0
2022-05-27 07:00:00,0.0,806.0
2022-05-27 08:00:00,0.017,829.0
2022-05-27 09:00:00,0.0,831.0
2022-05-27 10:00:00,0.0,833.0
2022-05-27 11:00:00,0.0,835.0
2022-05-27 12:00:00,0.0,837.0
2022-05-27 13:00:00,0.0,843.0
2022-05-27 14:00:00,0.0,847.0
2022-06-01 07:00:00,0.034,850.0
2022-06-01 08:00:00,0.017,850.0
2022-06-01 09:00:00,0.017,850.0
2022-06-01 10:00:00,0.0,850.0
2022-06-01 11:00:00,0.0,850.0
2022-06-01 12:00:00,0.0,850.0
2022-06-01 13:00:00,0.0,850.0
2022-06-01 14:00:00,0.0,850.0
2022-06-01 15:00:00,0.0,850.0
2022-06-03 16:00:00,0.7083333333333333,850.0
2022-06-03 17:00:00,6.907666666666667,850.0
2022-06-03 18:00:00,0.238,850.0
2022-06-03 19:00:00,0.204,850.0
2022-06-03 20:00:00,0.102,850.0
2022-06-03 21:00:00,0.017,771.0
2022-06-03 22:00:00,0.0,827.0
2022-06-03 23:00:00,0.0,841.0
2022-06-04 00:00:00,0.0,850.0
2022-06-04 01:00:00,0.153,850.0
2022-06-04 02:00:00,0.017,850.0
2022-06-04 03:00:00,0.017,850.0
2022-06-04 04:00:00,0.017,850.0
2022-06-04 05:00:00,0.034,850.0
2022-06-04 06:00:00,0.034,850.0
2022-06-04 07:00:00,0.034,850.0
2022-06-04 08:00:00,0.017,850.0
2022-06-04 09:00:00,0.034,850.0
2022-06-04 10:00:00,0.0,850.0
2022-06-04 11:00:00,0.0,850.0
2022-06-04 12:00:00,0.0,850.0
2022-06-04 13:00:00,0.0,850.0
2022-06-04 14:00:00,0.0,850.0
2022-06-04 15:00:00,0.0,850.0
2022-06-09 00:00:00,1.581,850.0
2022-06-09 01:00:00,0.4335,850.0
2022-06-09 02:00:00,0.0255,850.0
2022-06-09 03:00:00,0.051,850.0
2022-06-09 04:00:00,0.017,850.0
2022-06-09 05:00:00,0.017,827.0
2022-06-09 06:00:00,0.0,841.0
2022-06-09 07:00:00,0.0,850.0
2022-06-09 08:00:00,0.0,850.0
2022-06-09 09:00:00,0.0,850.0
2022-06-09 10:00:00,0.0,850.0
2022-06-09 11:00:00,0.0,850.0
2022-06-27 22:00:00,0.4788333333333333,850.0
2022-06-27 23:00:00,0.1637666666666666,850.0
2022-06-28 00:00:00,0.0034,850.0
2022-06-28 01:00:00,0.017,850.0
2022-06-28 02:00:00,0.0,850.0
2022-06-28 03:00:00,0.017,850.0
2022-06-28 04:00:00,0.0,850.0
2022-06-28 05:00:00,0.0,850.0
2022-06-28 06:00:00,0.0,850.0
2022-06-28 07:00:00,0.0,850.0
2022-06-28 08:00:00,0.0,850.0
2022-06-28 09:00:00,0.0,850.0
2022-06-29 01:00:00,0.901,850.0
2022-06-29 02:00:00,0.408,850.0
2022-06-29 03:00:00,0.1218333333333333,852.0
2022-06-29 04:00:00,0.0481666666666666,850.0
2022-06-29 05:00:00,0.119,850.0
2022-06-29 06:00:00,0.068,825.0
2022-06-29 07:00:00,2.7455,841.0
2022-06-29 08:00:00,2.5075,850.0
2022-06-29 09:00:00,0.578,850.0
2022-06-29 10:00:00,0.0,850.0
2022-06-29 11:00:00,0.0,825.0
2022-06-29 12:00:00,0.0,818.0
2022-06-29 13:00:00,0.0,827.0
2022-06-29 14:00:00,0.0,835.0
2022-06-29 15:00:00,0.0,850.0
2022-06-29 17:00:00,0.4794,850.0
2022-06-29 18:00:00,1.2716,850.0
2022-06-29 19:00:00,0.0,850.0
2022-06-29 20:00:00,0.0,850.0
2022-06-29 21:00:00,0.0,850.0
2022-06-29 22:00:00,0.0,829.0
2022-06-29 23:00:00,0.0,839.0
2022-06-30 00:00:00,0.0,850.0
2022-06-30 06:00:00,0.017,850.0
2022-06-30 07:00:00,0.017,850.0
2022-06-30 08:00:00,0.0,850.0
2022-06-30 09:00:00,0.0,850.0
2022-06-30 10:00:00,0.0,850.0
2022-06-30 11:00:00,0.0,850.0
2022-06-30 12:00:00,0.0,850.0
2022-06-30 13:00:00,0.0,850.0
2022-07-01 18:00:00,0.017,850.0
2022-07-01 19:00:00,0.0849999999999999,850.0
2022-07-01 20:00:00,0.0,850.0
2022-07-01 21:00:00,0.017,850.0
2022-07-01 22:00:00,0.017,850.0
2022-07-01 23:00:00,0.0,850.0
2022-07-02 00:00:00,0.0,850.0
2022-07-02 01:00:00,0.017,850.0
2022-07-02 02:00:00,0.0,850.0
2022-07-02 03:00:00,0.017,850.0
2022-07-02 04:00:00,0.0,850.0
2022-07-02 05:00:00,0.017,850.0
2022-07-02 06:00:00,0.017,850.0
2022-07-02 07:00:00,0.0,850.0
2022-07-02 08:00:00,0.0,850.0
2022-07-02 09:00:00,0.0,850.0
2022-07-02 10:00:00,0.0,850.0
2022-07-02 11:00:00,0.0,850.0
2022-07-02 12:00:00,0.0,850.0
2022-07-03 00:00:00,0.017,850.0
2022-07-03 01:00:00,0.017,850.0
2022-07-03 02:00:00,0.017,850.0
2022-07-03 03:00:00,0.017,850.0
2022-07-03 04:00:00,0.0,852.0
2022-07-03 05:00:00,0.017,850.0
2022-07-03 06:00:00,0.017,850.0
2022-07-03 07:00:00,0.017,850.0
2022-07-03 08:00:00,0.017,850.0
2022-07-03 09:00:00,0.0,850.0
2022-07-03 10:00:00,0.0,850.0
2022-07-03 11:00:00,0.0,850.0
2022-07-03 12:00:00,0.0,850.0
2022-07-03 13:00:00,0.0,850.0
2022-07-03 14:00:00,0.0,850.0
2022-07-03 17:00:00,0.034,850.0
2022-07-03 18:00:00,0.0,850.0
2022-07-03 19:00:00,0.0,850.0
2022-07-03 20:00:00,0.0,850.0
2022-07-03 21:00:00,0.0,850.0
2022-07-03 22:00:00,0.0,850.0
2022-07-03 23:00:00,0.0,850.0
2022-07-04 20:00:00,0.153,850.0
2022-07-04 21:00:00,13.362,850.0
2022-07-04 22:00:00,0.0,850.0
2022-07-04 23:00:00,0.017,850.0
2022-07-05 00:00:00,0.017,850.0
2022-07-05 01:00:00,0.0,736.0
2022-07-05 02:00:00,0.017,831.0
2022-07-05 03:00:00,0.017,849.0
2022-07-05 04:00:00,0.017,850.0
2022-07-05 05:00:00,0.017,850.0
2022-07-05 06:00:00,0.017,850.0
2022-07-05 07:00:00,0.017,850.0
2022-07-05 08:00:00,0.017,850.0
2022-07-05 09:00:00,0.0,849.0
2022-07-05 10:00:00,0.0,850.0
2022-07-05 11:00:00,0.0,850.0
2022-07-05 12:00:00,0.0,850.0
2022-07-05 13:00:00,0.0,850.0
2022-07-05 14:00:00,0.0,849.0
2022-07-05 23:00:00,1.343,849.0
2022-07-06 00:00:00,0.017,850.0
2022-07-06 01:00:00,0.0,850.0
2022-07-06 02:00:00,0.0,850.0
2022-07-06 03:00:00,0.3264,831.0
2022-07-06 04:00:00,3.0396,833.0
2022-07-06 05:00:00,0.0,849.0
2022-07-06 06:00:00,0.017,850.0
2022-07-06 07:00:00,0.017,850.0
2022-07-06 08:00:00,0.0,806.0
2022-07-06 09:00:00,0.0,837.0
2022-07-06 10:00:00,0.0,847.0
2022-07-06 11:00:00,0.0,849.0
2022-07-06 12:00:00,0.0,850.0
2022-07-06 13:00:00,0.0,850.0
2022-07-06 18:00:00,0.017,850.0
2022-07-06 19:00:00,3.9015,850.0
2022-07-06 20:00:00,0.1615,850.0
2022-07-06 21:00:00,0.1529999999999999,850.0
2022-07-06 22:00:00,1.467666666666667,850.0
2022-07-06 23:00:00,1.258,850.0
2022-07-07 00:00:00,1.1078333333333334,759.0
2022-07-07 01:00:00,0.0595,837.0
2022-07-07 02:00:00,0.017,831.0
2022-07-07 03:00:00,0.0,829.0
2022-07-07 04:00:00,0.017,825.0
2022-07-07 05:00:00,0.017,833.0
2022-07-07 06:00:00,0.017,845.0
2022-07-07 07:00:00,0.017,849.0
2022-07-07 08:00:00,0.0,850.0
2022-07-07 09:00:00,0.0,850.0
2022-07-07 10:00:00,0.0,850.0
2022-07-07 11:00:00,0.0,849.0
2022-07-07 12:00:00,0.0,850.0
2022-07-07 13:00:00,0.0,850.0
2022-07-07 16:00:00,4.097,849.0
2022-07-07 17:00:00,0.7933333333333333,850.0
2022-07-07 18:00:00,1.2636666666666667,849.0
2022-07-07 19:00:00,0.0,850.0
2022-07-07 20:00:00,0.0,816.0
2022-07-07 21:00:00,0.0,829.0
2022-07-07 22:00:00,0.0,829.0
2022-07-07 23:00:00,0.0,831.0
2022-07-08 00:00:00,0.0,845.0
2022-07-08 04:00:00,0.017,850.0
2022-07-08 05:00:00,0.0,850.0
2022-07-08 06:00:00,0.0,850.0
2022-07-08 07:00:00,0.0,850.0
2022-07-08 08:00:00,0.0,850.0
2022-07-08 09:00:00,0.0,850.0
2022-07-08 10:00:00,0.0,850.0
2022-07-08 18:00:00,0.8386666666666667,850.0
2022-07-08 19:00:00,11.894333333333332,850.0
2022-07-08 20:00:00,0.306,850.0
2022-07-08 21:00:00,0.1835999999999999,850.0
2022-07-08 22:00:00,0.5134,850.0
2022-07-08 23:00:00,0.5015000000000001,765.0
2022-07-09 00:00:00,0.5043333333333333,829.0
2022-07-09 01:00:00,0.4221666666666667,831.0
2022-07-09 02:00:00,0.289,833.0
2022-07-09 03:00:00,0.017,837.0
2022-07-09 04:00:00,0.017,829.0
2022-07-09 05:00:00,0.017,831.0
2022-07-09 06:00:00,0.0255,829.0
2022-07-09 07:00:00,0.0255,837.0
2022-07-09 08:00:00,0.0,849.0
2022-07-09 09:00:00,0.0,850.0
2022-07-09 10:00:00,0.017,850.0
2022-07-09 11:00:00,0.0,850.0
2022-07-09 12:00:00,0.17,849.0
2022-07-09 13:00:00,0.0,850.0
2022-07-09 14:00:00,0.0,850.0
2022-07-09 15:00:00,0.0,850.0
2022-07-09 16:00:00,0.0,850.0
2022-07-09 17:00:00,0.0,849.0
2022-07-09 18:00:00,0.0,850.0
2022-07-10 00:00:00,0.255,849.0
2022-07-10 01:00:00,0.0,849.0
2022-07-10 02:00:00,0.0,850.0
2022-07-10 03:00:00,0.0,850.0
2022-07-10 04:00:00,0.0,850.0
2022-07-10 05:00:00,0.0,849.0
2022-07-10 06:00:00,0.0,850.0
2022-07-10 10:00:00,0.017,850.0
2022-07-10 11:00:00,0.017,850.0
2022-07-10 12:00:00,0.0,850.0
2022-07-10 13:00:00,0.0,850.0
2022-07-10 14:00:00,0.0,850.0
2022-07-10 15:00:00,0.0,850.0
2022-07-10 16:00:00,0.0,850.0
2022-07-10 17:00:00,0.0,850.0
2022-07-13 16:00:00,2.176,849.0
2022-07-13 17:00:00,0.017,849.0
2022-07-13 18:00:00,0.068,850.0
2022-07-13 19:00:00,0.017,850.0
2022-07-13 20:00:00,0.0,819.0
2022-07-13 21:00:00,0.0,831.0
2022-07-13 22:00:00,0.0,850.0
2022-07-13 23:00:00,0.0,849.0
2022-07-14 00:00:00,0.0,850.0
2022-07-14 01:00:00,0.0,850.0
2022-07-18 20:00:00,0.017,850.0
2022-07-18 21:00:00,0.918,850.0
2022-07-18 22:00:00,0.017,850.0
2022-07-18 23:00:00,0.017,850.0
2022-07-19 00:00:00,0.017,850.0
2022-07-19 01:00:00,0.017,837.0
2022-07-19 02:00:00,0.017,843.0
2022-07-19 03:00:00,0.017,849.0
2022-07-19 04:00:00,0.017,850.0
2022-07-19 05:00:00,0.0113333333333333,850.0
2022-07-19 06:00:00,0.0056666666666666,850.0
2022-07-19 07:00:00,0.017,850.0
2022-07-19 08:00:00,0.0,850.0
2022-07-19 09:00:00,0.017,850.0
2022-07-19 10:00:00,0.0,850.0
2022-07-19 11:00:00,0.0,849.0
2022-07-19 12:00:00,0.0,850.0
2022-07-19 13:00:00,0.0,850.0
2022-07-19 14:00:00,0.0,850.0
2022-07-19 15:00:00,0.0,850.0
2022-07-20 17:00:00,0.017,850.0
2022-07-20 18:00:00,0.0,850.0
2022-07-20 19:00:00,0.0,850.0
2022-07-20 20:00:00,0.0,850.0
2022-07-20 21:00:00,0.0,849.0
2022-07-20 22:00:00,0.595,850.0
2022-07-20 23:00:00,0.017,850.0
2022-07-21 00:00:00,0.0,850.0
2022-07-21 01:00:00,0.017,849.0
2022-07-21 02:00:00,0.017,849.0
2022-07-21 03:00:00,0.017,850.0
2022-07-21 04:00:00,0.017,850.0
2022-07-21 05:00:00,0.017,850.0
2022-07-21 06:00:00,0.0,849.0
2022-07-21 07:00:00,0.017,849.0
2022-07-21 08:00:00,0.0,850.0
2022-07-21 09:00:00,0.0,849.0
2022-07-21 10:00:00,0.0,850.0
2022-07-21 11:00:00,0.0,849.0
2022-07-21 12:00:00,0.0,849.0
2022-07-21 13:00:00,0.0,850.0
2022-07-21 20:00:00,0.0878333333333333,850.0
2022-07-21 21:00:00,0.0141666666666666,850.0
2022-07-21 22:00:00,0.017,850.0
2022-07-21 23:00:00,0.0,850.0
2022-07-22 00:00:00,0.017,850.0
2022-07-22 01:00:00,0.0,849.0
2022-07-22 02:00:00,0.0,850.0
2022-07-22 03:00:00,0.0,850.0
2022-07-22 04:00:00,0.0,850.0
2022-07-22 05:00:00,0.017,850.0
2022-07-22 06:00:00,0.0,850.0
2022-07-22 07:00:00,0.0,850.0
2022-07-22 08:00:00,0.0,850.0
2022-07-22 09:00:00,0.0,850.0
2022-07-22 10:00:00,0.0,850.0
2022-07-22 11:00:00,0.0,850.0
2022-08-03 19:00:00,4.335,850.0
2022-08-03 20:00:00,2.04,850.0
2022-08-03 21:00:00,0.0,850.0
2022-08-03 22:00:00,0.0,850.0
2022-08-03 23:00:00,0.0,850.0
2022-08-04 00:00:00,0.0,779.0
2022-08-04 01:00:00,0.0,839.0
2022-08-04 02:00:00,0.0,849.0
2022-08-04 19:00:00,1.6626,850.0
2022-08-04 20:00:00,10.9684,850.0
2022-08-04 21:00:00,0.0,850.0
2022-08-04 22:00:00,0.0,850.0
2022-08-04 23:00:00,0.0,850.0
2022-08-05 00:00:00,0.0,740.0
2022-08-05 01:00:00,0.0,829.0
2022-08-05 02:00:00,0.0,833.0
2022-08-05 03:00:00,0.017,843.0
2022-08-05 04:00:00,0.0,849.0
2022-08-05 05:00:00,0.017,849.0
2022-08-05 06:00:00,0.017,849.0
2022-08-05 07:00:00,0.017,850.0
2022-08-05 08:00:00,0.017,849.0
2022-08-05 09:00:00,0.0,850.0
2022-08-05 10:00:00,0.0,850.0
2022-08-05 11:00:00,0.0,850.0
2022-08-05 12:00:00,0.0,850.0
2022-08-05 13:00:00,0.0,850.0
2022-08-05 14:00:00,0.0,850.0
2022-08-06 15:00:00,19.482,850.0
2022-08-06 16:00:00,0.1394,850.0
2022-08-06 17:00:00,0.8805999999999999,850.0
2022-08-06 18:00:00,0.0,850.0
2022-08-06 19:00:00,0.289,643.0
2022-08-06 20:00:00,0.0,819.0
2022-08-06 21:00:00,0.0,823.0
2022-08-06 22:00:00,0.0,831.0
2022-08-06 23:00:00,0.0,831.0
2022-08-07 00:00:00,0.0,835.0
2022-08-07 01:00:00,0.0,847.0
2022-08-07 21:00:00,2.008833333333333,850.0
2022-08-07 22:00:00,7.205166666666667,850.0
2022-08-07 23:00:00,0.0339999999999999,850.0
2022-08-08 00:00:00,0.034,850.0
2022-08-08 01:00:00,1.904,850.0
2022-08-08 02:00:00,5.508,738.0
2022-08-08 03:00:00,0.629,829.0
2022-08-08 04:00:00,0.0,833.0
2022-08-08 05:00:00,0.0,837.0
2022-08-08 06:00:00,0.0,839.0
2022-08-08 07:00:00,0.0,847.0
2022-08-08 08:00:00,0.0,849.0
2022-08-08 09:00:00,0.0,849.0
2022-08-08 11:00:00,0.068,849.0
2022-08-08 12:00:00,0.0,850.0
2022-08-08 13:00:00,0.0,850.0
2022-08-08 14:00:00,0.0,849.0
2022-08-08 15:00:00,0.0,850.0
2022-08-08 16:00:00,0.0,850.0
2022-08-08 17:00:00,0.0,849.0
2022-08-09 03:00:00,0.034,850.0
2022-08-09 04:00:00,0.034,850.0
2022-08-09 05:00:00,0.0306,850.0
2022-08-09 06:00:00,0.0204,850.0
2022-08-09 07:00:00,0.034,850.0
2022-08-09 08:00:00,0.017,850.0
2022-08-09 09:00:00,0.0,849.0
2022-08-09 10:00:00,0.017,850.0
2022-08-09 11:00:00,0.0,850.0
2022-08-09 12:00:00,0.0,850.0
2022-08-09 13:00:00,0.0,850.0
2022-08-09 14:00:00,0.0,850.0
2022-08-09 15:00:00,0.0,849.0
2022-08-09 16:00:00,0.0,850.0
2022-08-09 17:00:00,3.995,850.0
2022-08-09 18:00:00,3.944,849.0
2022-08-09 19:00:00,0.0,849.0
2022-08-09 20:00:00,0.0,849.0
2022-08-09 21:00:00,0.0,808.0
2022-08-09 22:00:00,0.0,761.0
2022-08-09 23:00:00,0.0,839.0
2022-08-10 00:00:00,0.0,841.0
2022-08-10 02:00:00,0.017,850.0
2022-08-10 03:00:00,0.034,850.0
2022-08-10 04:00:00,0.017,850.0
2022-08-10 05:00:00,0.034,849.0
2022-08-10 06:00:00,0.017,850.0
2022-08-10 07:00:00,0.017,850.0
2022-08-10 08:00:00,0.0,850.0
2022-08-10 09:00:00,0.0,850.0
2022-08-10 10:00:00,0.0,850.0
2022-08-10 11:00:00,0.017,850.0
2022-08-10 12:00:00,0.0,850.0
2022-08-10 13:00:00,0.0,850.0
2022-08-10 14:00:00,0.0,850.0
2022-08-10 15:00:00,0.0,849.0
2022-08-10 16:00:00,0.0,850.0
2022-08-10 17:00:00,0.0,849.0
2022-08-11 18:00:00,14.937333333333331,850.0
2022-08-11 19:00:00,1.4166666666666663,850.0
2022-08-11 20:00:00,0.017,850.0
2022-08-11 21:00:00,0.0,850.0
2022-08-11 22:00:00,0.0,723.0
2022-08-11 23:00:00,0.0226666666666666,792.0
2022-08-12 00:00:00,10.241933333333334,829.0
2022-08-12 01:00:00,0.5275666666666667,827.0
2022-08-12 02:00:00,0.2748333333333333,833.0
2022-08-12 03:00:00,0.1258,837.0
2022-08-12 04:00:00,0.0102,761.0
2022-08-12 05:00:00,0.1598,825.0
2022-08-12 06:00:00,0.0102,825.0
2022-08-12 07:00:00,0.0,827.0
2022-08-12 08:00:00,0.0,829.0
2022-08-12 09:00:00,0.0,831.0
2022-08-12 10:00:00,0.068,831.0
2022-08-12 11:00:00,0.4079999999999999,833.0
2022-08-12 12:00:00,0.0,833.0
2022-08-12 13:00:00,0.085,833.0
2022-08-12 14:00:00,0.0,835.0
2022-08-12 15:00:00,0.0,837.0
2022-08-12 16:00:00,0.0,841.0
2022-08-12 17:00:00,0.0,849.0
2022-08-12 18:00:00,0.0,847.0
2022-08-12 19:00:00,0.0,849.0
2022-08-16 17:00:00,0.442,849.0
2022-08-16 18:00:00,0.085,849.0
2022-08-16 19:00:00,0.0,850.0
2022-08-16 20:00:00,0.0,849.0
2022-08-16 21:00:00,0.0,850.0
2022-08-16 22:00:00,0.0,850.0
2022-08-16 23:00:00,0.1331666666666666,850.0
2022-08-17 00:00:00,0.3428333333333333,850.0
2022-08-17 01:00:00,0.017,849.0
2022-08-17 02:00:00,0.153,850.0
2022-08-17 03:00:00,0.068,850.0
2022-08-17 04:00:00,0.0311666666666666,850.0
2022-08-17 05:00:00,0.0980333333333333,850.0
2022-08-17 06:00:00,1.2784,850.0
2022-08-17 07:00:00,1.1424,850.0
2022-08-17 08:00:00,0.0226666666666666,849.0
2022-08-17 09:00:00,0.1303333333333333,850.0
2022-08-17 10:00:00,0.017,833.0
2022-08-17 11:00:00,0.017,829.0
2022-08-17 12:00:00,0.0,837.0
2022-08-17 13:00:00,0.0,850.0
2022-08-17 14:00:00,0.0,850.0
2022-08-17 15:00:00,0.0,850.0
2022-08-17 16:00:00,0.0,850.0
2022-08-17 17:00:00,0.0,850.0
2022-08-18 00:00:00,2.669,850.0
2022-08-18 01:00:00,4.284,849.0
2022-08-18 02:00:00,0.4182,850.0
2022-08-18 03:00:00,0.0408,850.0
2022-08-18 04:00:00,0.0,818.0
2022-08-18 05:00:00,0.017,806.0
2022-08-18 06:00:00,0.0,827.0
2022-08-18 07:00:00,0.017,831.0
2022-08-18 08:00:00,0.0,843.0
2022-08-18 09:00:00,0.0,850.0
2022-08-18 11:00:00,0.0,849.0
2022-08-18 12:00:00,0.0,850.0
2022-08-18 13:00:00,0.0,850.0
2022-08-22 15:00:00,0.238,849.0
2022-08-22 16:00:00,0.0,850.0
2022-08-22 17:00:00,0.0,850.0
2022-08-22 18:00:00,0.0,849.0
2022-08-22 19:00:00,0.0,849.0
2022-08-22 20:00:00,0.0,849.0
2022-08-22 21:00:00,0.0,849.0
2022-08-28 17:00:00,2.856,850.0
2022-08-28 18:00:00,0.0,849.0
2022-08-28 19:00:00,0.0,850.0
2022-08-28 20:00:00,0.0,850.0
2022-08-28 21:00:00,0.0,732.0
2022-08-28 22:00:00,0.0,827.0
2022-08-28 23:00:00,0.0,833.0
2022-09-03 16:00:00,0.034,850.0
2022-09-03 17:00:00,0.0,850.0
2022-09-03 18:00:00,0.0,850.0
2022-09-03 19:00:00,0.0,850.0
2022-09-03 20:00:00,0.0,850.0
2022-09-03 21:00:00,0.0,850.0
2022-09-03 22:00:00,0.0,850.0
2022-09-04 05:00:00,0.357,850.0
2022-09-04 06:00:00,1.734,850.0
2022-09-04 07:00:00,0.034,850.0
2022-09-04 08:00:00,2.38,850.0
2022-09-04 09:00:00,0.493,829.0
2022-09-04 10:00:00,0.7083333333333334,769.0
2022-09-04 11:00:00,6.754666666666666,827.0
2022-09-04 12:00:00,0.0,800.0
2022-09-04 13:00:00,0.034,752.0
2022-09-04 14:00:00,0.0,825.0
2022-09-04 15:00:00,9.588,651.0
2022-09-04 16:00:00,0.0085,804.0
2022-09-04 17:00:00,4.9215,825.0
2022-09-04 18:00:00,0.0,829.0
2022-09-04 19:00:00,0.0,728.0
2022-09-04 20:00:00,0.0,790.0
2022-09-04 21:00:00,0.0,707.0
2022-09-04 22:00:00,0.0,761.0
2022-09-04 23:00:00,0.0,794.0
2022-09-05 02:00:00,0.034,829.0
2022-09-05 03:00:00,0.051,829.0
2022-09-05 04:00:00,0.0,831.0
2022-09-05 05:00:00,0.017,829.0
2022-09-05 06:00:00,0.017,812.0
2022-09-05 07:00:00,0.0,806.0
2022-09-05 08:00:00,0.0,812.0
2022-09-05 09:00:00,0.0,821.0
2022-09-05 10:00:00,0.0,802.0
2022-09-05 11:00:00,0.0,810.0
2022-09-05 12:00:00,0.0,829.0
2022-09-05 14:00:00,0.204,831.0
2022-09-05 15:00:00,0.0,833.0
2022-09-05 16:00:00,9.078,833.0
2022-09-05 17:00:00,0.0,837.0
2022-09-05 18:00:00,0.0,829.0
2022-09-05 19:00:00,0.0951999999999999,837.0
2022-09-05 20:00:00,2.9364666666666666,734.0
2022-09-05 21:00:00,8.681333333333333,818.0
2022-09-05 22:00:00,0.068,827.0
2022-09-05 23:00:00,0.0,831.0
2022-09-06 00:00:00,0.017,825.0
2022-09-06 01:00:00,0.017,761.0
2022-09-06 02:00:00,0.0,792.0
2022-09-06 03:00:00,0.0,825.0
2022-09-06 04:00:00,0.0,829.0
2022-09-06 05:00:00,0.0,829.0
2022-09-06 06:00:00,0.017,829.0
2022-09-06 07:00:00,0.0,829.0
2022-09-06 08:00:00,0.0,829.0
2022-09-06 09:00:00,0.0,833.0
2022-09-06 10:00:00,0.0,831.0
2022-09-06 11:00:00,0.0,833.0
2022-09-06 12:00:00,0.0,833.0
2022-09-09 00:00:00,0.306,850.0
2022-09-09 01:00:00,0.017,850.0
2022-09-09 02:00:00,0.0,849.0
2022-09-09 03:00:00,0.0,850.0
2022-09-09 04:00:00,0.0,850.0
2022-09-09 05:00:00,0.0,849.0
2022-09-09 06:00:00,0.0,850.0
2022-09-09 07:00:00,0.0,849.0
2022-09-10 03:00:00,1.7226666666666668,850.0
2022-09-10 04:00:00,1.4121333333333332,849.0
2022-09-10 05:00:00,0.7412,850.0
2022-09-10 06:00:00,0.8568,850.0
2022-09-10 07:00:00,2.6452,829.0
2022-09-10 08:00:00,11.962333333333332,825.0
2022-09-10 09:00:00,1.037,827.0
2022-09-10 10:00:00,0.4533333333333333,827.0
2022-09-10 11:00:00,0.3428333333333333,808.0
2022-09-10 12:00:00,0.0765,763.0
2022-09-10 13:00:00,0.136,804.0
2022-09-10 14:00:00,0.0,831.0
2022-09-10 15:00:00,0.0,827.0
2022-09-10 16:00:00,0.0113333333333333,825.0
2022-09-10 17:00:00,0.0226666666666666,829.0
2022-09-10 18:00:00,0.0,831.0
2022-09-10 19:00:00,0.0,833.0
2022-09-10 20:00:00,0.0,837.0
2022-09-10 21:00:00,0.0,841.0
2022-09-10 22:00:00,0.0,845.0
2022-09-10 23:00:00,0.0,849.0
2022-09-11 01:00:00,0.068,849.0
2022-09-11 02:00:00,0.017,850.0
2022-09-11 03:00:00,0.017,850.0
2022-09-11 04:00:00,1.02,850.0
2022-09-11 05:00:00,0.017,850.0
2022-09-11 06:00:00,1.0812,849.0
2022-09-11 07:00:00,1.8768,850.0
2022-09-11 08:00:00,0.085,827.0
2022-09-11 09:00:00,0.034,829.0
2022-09-11 10:00:00,0.0,827.0
2022-09-11 11:00:00,0.0,808.0
2022-09-11 12:00:00,0.0,829.0
2022-09-11 13:00:00,0.0,839.0
2022-09-11 14:00:00,0.0,845.0
2022-09-11 15:00:00,0.0,845.0
2022-09-12 06:00:00,0.034,849.0
2022-09-12 07:00:00,0.034,849.0
2022-09-12 08:00:00,0.0085,849.0
2022-09-12 09:00:00,0.0085,850.0
2022-09-12 10:00:00,0.0,849.0
2022-09-12 11:00:00,0.0,849.0
2022-09-12 12:00:00,0.0,849.0
2022-09-12 13:00:00,0.0,849.0
2022-09-12 14:00:00,0.0,849.0
2022-09-12 15:00:00,0.0,849.0
2022-09-13 07:00:00,0.0028333333333333,849.0
2022-09-13 08:00:00,0.0481666666666666,850.0
2022-09-13 09:00:00,0.017,849.0
2022-09-13 10:00:00,0.0,849.0
2022-09-13 11:00:00,0.0,850.0
2022-09-13 12:00:00,0.0,850.0
2022-09-13 13:00:00,0.0,850.0
2022-09-13 14:00:00,0.0,850.0
2022-09-13 15:00:00,0.0,850.0
2022-09-14 09:00:00,0.017,849.0
2022-09-14 10:00:00,0.0,850.0
2022-09-14 11:00:00,0.0,849.0
2022-09-14 12:00:00,0.0,850.0
2022-09-14 13:00:00,0.0,849.0
2022-09-14 14:00:00,0.0,850.0
2022-09-14 15:00:00,0.0,850.0
2022-09-16 08:00:00,0.017,850.0
2022-09-16 09:00:00,0.0,849.0
2022-09-16 10:00:00,0.0,850.0
2022-09-16 11:00:00,0.0,850.0
2022-09-16 12:00:00,0.0,850.0
2022-09-16 13:00:00,0.0,849.0
2022-09-16 14:00:00,0.0,850.0
2022-09-18 06:00:00,0.017,850.0
2022-09-18 07:00:00,0.017,849.0
2022-09-18 08:00:00,0.0255,850.0
2022-09-18 09:00:00,0.0085,849.0
2022-09-18 10:00:00,0.0,850.0
2022-09-18 11:00:00,0.0,850.0
2022-09-18 12:00:00,0.0,849.0
2022-09-18 13:00:00,0.0,850.0
2022-09-18 14:00:00,0.0,849.0
2022-09-18 15:00:00,0.0,849.0
2022-09-19 06:00:00,0.017,850.0
2022-09-19 07:00:00,0.017,850.0
2022-09-19 08:00:00,0.017,850.0
2022-09-19 09:00:00,0.017,849.0
2022-09-19 10:00:00,0.0,850.0
2022-09-19 11:00:00,0.0,850.0
2022-09-19 12:00:00,0.0,849.0
2022-09-19 13:00:00,0.0,850.0
2022-09-19 14:00:00,0.0,850.0
2022-09-19 15:00:00,0.0,849.0
2022-09-20 05:00:00,0.0028333333333333,850.0
2022-09-20 06:00:00,0.0311666666666666,850.0
2022-09-20 07:00:00,0.017,850.0
2022-09-20 08:00:00,0.034,850.0
2022-09-20 09:00:00,0.017,850.0
2022-09-20 10:00:00,0.0,850.0
2022-09-20 11:00:00,0.0,850.0
2022-09-20 12:00:00,0.0,850.0
2022-09-20 13:00:00,0.0,850.0
2022-09-20 14:00:00,0.0,850.0
2022-09-20 15:00:00,0.0,850.0
2022-09-21 05:00:00,0.0198333333333333,850.0
2022-09-21 06:00:00,0.0311666666666666,850.0
2022-09-21 07:00:00,0.017,850.0
2022-09-21 08:00:00,0.017,850.0
2022-09-21 09:00:00,0.0,849.0
2022-09-21 10:00:00,0.0,850.0
2022-09-21 11:00:00,0.0,850.0
2022-09-21 12:00:00,0.0,850.0
2022-09-21 13:00:00,0.0,850.0
2022-09-21 14:00:00,0.0,850.0
2022-09-22 06:00:00,0.034,850.0
2022-09-22 07:00:00,0.0306,852.0
2022-09-22 08:00:00,0.0204,850.0
2022-09-22 09:00:00,0.017,850.0
2022-09-22 10:00:00,0.0,850.0
2022-09-22 11:00:00,0.0,850.0
2022-09-22 12:00:00,0.0,850.0
2022-09-22 13:00:00,0.0,850.0
2022-09-22 14:00:00,0.0,850.0
2022-09-22 15:00:00,0.306,850.0
2022-09-22 16:00:00,0.0,850.0
2022-09-22 17:00:00,0.0,849.0
2022-09-22 18:00:00,0.0,850.0
2022-09-22 19:00:00,0.0,850.0
2022-09-22 20:00:00,0.0,850.0
2022-09-22 21:00:00,0.0,850.0
2022-09-24 08:00:00,0.017,850.0
2022-09-24 09:00:00,0.017,850.0
2022-09-24 10:00:00,0.0,850.0
2022-09-24 11:00:00,0.0,850.0
2022-09-24 12:00:00,0.0,850.0
2022-09-24 13:00:00,0.0,850.0
2022-09-24 14:00:00,0.0,850.0
2022-09-24 15:00:00,0.0,850.0
2022-09-25 08:00:00,0.4335,850.0
2022-09-25 09:00:00,0.0765,850.0
2022-09-25 10:00:00,0.2006,850.0
2022-09-25 11:00:00,0.0714,850.0
2022-09-25 12:00:00,0.0,850.0
2022-09-25 13:00:00,0.0,850.0
2022-09-25 14:00:00,0.0,850.0
2022-09-25 15:00:00,0.0,850.0
2022-09-25 16:00:00,0.0,850.0
2022-09-25 17:00:00,0.0,850.0
2022-09-26 03:00:00,0.017,850.0
2022-09-26 04:00:00,0.0238,850.0
2022-09-26 05:00:00,0.0272,850.0
2022-09-26 06:00:00,0.017,850.0
2022-09-26 07:00:00,0.034,850.0
2022-09-26 08:00:00,0.0272,850.0
2022-09-26 09:00:00,0.0238,850.0
2022-09-26 10:00:00,0.017,850.0
2022-09-26 11:00:00,0.0,850.0
2022-09-26 12:00:00,0.0,850.0
2022-09-26 13:00:00,0.0,850.0
2022-09-26 14:00:00,0.0,850.0
2022-09-26 15:00:00,0.0,850.0
2022-09-26 16:00:00,0.0,850.0
2022-09-30 20:00:00,0.051,852.0
2022-09-30 21:00:00,0.2598571428571428,850.0
2022-09-30 22:00:00,0.0914761904761904,850.0
2022-09-30 23:00:00,1.1871666666666667,850.0
2022-10-01 00:00:00,1.3458333333333332,850.0
2022-10-01 01:00:00,0.459,850.0
2022-10-01 02:00:00,0.4108333333333333,850.0
2022-10-01 03:00:00,0.0368333333333333,850.0
2022-10-01 04:00:00,0.017,825.0
2022-10-01 05:00:00,0.0,829.0
2022-10-01 06:00:00,0.0,835.0
2022-10-01 07:00:00,0.0,837.0
2022-10-01 08:00:00,0.0,849.0
2022-10-01 09:00:00,0.0,849.0
2022-10-01 10:00:00,0.0,850.0
2022-10-02 07:00:00,0.0034,850.0
2022-10-02 08:00:00,0.0306,850.0
2022-10-02 09:00:00,0.017,850.0
2022-10-02 10:00:00,0.0,850.0
2022-10-02 11:00:00,0.0,850.0
2022-10-02 12:00:00,0.0,850.0
2022-10-02 13:00:00,0.0,850.0
2022-10-02 14:00:00,0.0,850.0
2022-10-02 15:00:00,0.0,850.0
2022-10-05 09:00:00,0.017,850.0
2022-10-05 10:00:00,0.0,850.0
2022-10-05 11:00:00,0.0,850.0
2022-10-05 12:00:00,0.0,850.0
2022-10-05 13:00:00,0.0,850.0
2022-10-05 14:00:00,0.0,850.0
2022-10-05 15:00:00,0.0,850.0
2022-10-06 10:00:00,0.017,850.0
2022-10-06 11:00:00,0.0,850.0
2022-10-06 12:00:00,0.0,850.0
2022-10-06 13:00:00,0.0,850.0
2022-10-06 14:00:00,0.0,850.0
2022-10-06 15:00:00,0.0,850.0
2022-10-06 16:00:00,0.0,850.0
2022-10-07 06:00:00,0.0226666666666666,850.0
2022-10-07 07:00:00,0.0283333333333333,850.0
2022-10-07 08:00:00,0.017,850.0
2022-10-07 09:00:00,0.017,850.0
2022-10-07 10:00:00,0.017,850.0
2022-10-07 11:00:00,0.0,850.0
2022-10-07 12:00:00,0.0,850.0
2022-10-07 13:00:00,0.0,850.0
2022-10-07 14:00:00,0.0,850.0
2022-10-07 15:00:00,0.0,850.0
2022-10-07 16:00:00,0.0,850.0
2022-10-10 06:00:00,0.017,850.0
2022-10-10 07:00:00,0.017,850.0
2022-10-10 08:00:00,0.017,850.0
2022-10-10 09:00:00,0.017,850.0
2022-10-10 10:00:00,0.017,850.0
2022-10-10 11:00:00,0.0,850.0
2022-10-10 12:00:00,0.0,850.0
2022-10-10 13:00:00,0.0,850.0
2022-10-10 14:00:00,0.0,850.0
2022-10-10 15:00:00,0.0,850.0
2022-10-10 16:00:00,0.0,850.0
2022-10-11 08:00:00,0.017,850.0
2022-10-11 09:00:00,0.0,850.0
2022-10-11 10:00:00,0.017,850.0
2022-10-11 11:00:00,0.0,850.0
2022-10-11 12:00:00,0.0,850.0
2022-10-11 13:00:00,0.0,850.0
2022-10-11 14:00:00,0.0,850.0
2022-10-11 15:00:00,0.0,850.0
2022-10-11 16:00:00,0.0,850.0
2022-10-12 07:00:00,0.2975,850.0
2022-10-12 08:00:00,0.0255,850.0
2022-10-12 09:00:00,0.391,850.0
2022-10-12 10:00:00,0.017,850.0
2022-10-12 11:00:00,0.068,850.0
2022-10-12 12:00:00,0.0,850.0
2022-10-12 13:00:00,0.0,850.0
2022-10-12 14:00:00,0.0,850.0
2022-10-12 15:00:00,0.0,850.0
2022-10-12 16:00:00,0.0,850.0
2022-10-12 17:00:00,0.0,850.0
2022-10-15 09:00:00,0.017,850.0
2022-10-15 10:00:00,0.017,850.0
2022-10-15 11:00:00,0.0,850.0
2022-10-15 12:00:00,0.0,850.0
2022-10-15 13:00:00,0.0,850.0
2022-10-15 14:00:00,0.0,850.0
2022-10-15 15:00:00,0.0,850.0
2022-10-15 16:00:00,0.0,850.0
2022-10-16 10:00:00,0.017,850.0
2022-10-16 11:00:00,0.0,850.0
2022-10-16 12:00:00,0.0,850.0
2022-10-16 13:00:00,0.0,850.0
2022-10-16 14:00:00,0.0,850.0
2022-10-16 15:00:00,0.0,850.0
2022-10-16 16:00:00,0.0,850.0
2022-10-20 09:00:00,0.017,850.0
2022-10-20 10:00:00,0.0,850.0
2022-10-20 11:00:00,0.017,850.0
2022-10-20 12:00:00,0.0,850.0
2022-10-20 13:00:00,0.0,850.0
2022-10-20 14:00:00,0.0,850.0
2022-10-20 15:00:00,0.0,850.0
2022-10-20 16:00:00,0.0,850.0
2022-10-20 17:00:00,0.0,850.0
2022-10-23 10:00:00,0.017,850.0
2022-10-23 11:00:00,0.0,850.0
2022-10-23 12:00:00,0.0,850.0
2022-10-23 13:00:00,0.0,850.0
2022-10-23 14:00:00,0.0,850.0
2022-10-23 15:00:00,0.0,850.0
2022-10-23 16:00:00,0.0,850.0
2022-10-24 08:00:00,0.0113333333333333,850.0
2022-10-24 09:00:00,0.0056666666666666,850.0
2022-10-24 10:00:00,0.017,850.0
2022-10-24 11:00:00,0.0,850.0
2022-10-24 12:00:00,0.0,850.0
2022-10-24 13:00:00,0.0,849.0
2022-10-24 14:00:00,0.0,850.0
2022-10-24 15:00:00,0.0,850.0
2022-10-24 16:00:00,0.0,850.0
2022-10-25 09:00:00,0.017,850.0
2022-10-25 10:00:00,0.017,850.0
2022-10-25 11:00:00,0.0,850.0
2022-10-25 12:00:00,0.0,850.0
2022-10-25 13:00:00,0.0,850.0
2022-10-25 14:00:00,0.0,850.0
2022-10-25 15:00:00,0.0,850.0
2022-10-25 16:00:00,0.0,850.0
2022-10-26 01:00:00,0.119,850.0
2022-10-26 02:00:00,0.952,850.0
2022-10-26 03:00:00,0.5893333333333334,850.0
2022-10-26 04:00:00,0.0056666666666666,850.0
2022-10-26 05:00:00,0.306,850.0
2022-10-26 06:00:00,0.0,850.0
2022-10-26 07:00:00,0.0,819.0
2022-10-26 08:00:00,0.0,841.0
2022-10-26 09:00:00,0.0,852.0
2022-10-26 10:00:00,0.0,850.0
2022-10-26 11:00:00,0.0,850.0
2022-10-30 17:00:00,0.51,850.0
2022-10-30 18:00:00,0.017,850.0
2022-10-30 19:00:00,0.0,850.0
2022-10-30 20:00:00,0.2833333333333333,850.0
2022-10-30 21:00:00,0.2125,849.0
2022-10-30 22:00:00,0.2748333333333333,850.0
2022-10-30 23:00:00,0.4431333333333333,850.0
2022-10-31 00:00:00,0.1802,850.0
2022-10-31 01:00:00,0.238,850.0
2022-10-31 02:00:00,0.034,850.0
2022-10-31 03:00:00,0.1394,835.0
2022-10-31 04:00:00,1.9176,837.0
2022-10-31 05:00:00,0.357,839.0
2022-10-31 06:00:00,3.4736666666666665,839.0
2022-10-31 07:00:00,1.564,850.0
2022-10-31 08:00:00,1.6688333333333334,818.0
2022-10-31 09:00:00,2.7115,827.0
2022-10-31 10:00:00,4.59,810.0
2022-10-31 11:00:00,2.1590000000000003,829.0
2022-10-31 12:00:00,0.6459999999999999,825.0
2022-10-31 13:00:00,0.051,821.0
2022-10-31 14:00:00,0.0,785.0
2022-10-31 15:00:00,0.0,816.0
2022-10-31 16:00:00,0.0,827.0
2022-10-31 17:00:00,0.0,833.0
2022-10-31 18:00:00,0.0,837.0
2022-10-31 19:00:00,0.0,843.0
2022-11-03 06:00:00,0.017,850.0
2022-11-03 07:00:00,0.034,850.0
2022-11-03 08:00:00,0.0068,850.0
2022-11-03 09:00:00,0.0102,850.0
2022-11-03 10:00:00,0.017,850.0
2022-11-03 11:00:00,0.0,850.0
2022-11-03 12:00:00,0.0,850.0
2022-11-03 13:00:00,0.0,850.0
2022-11-03 14:00:00,0.0,850.0
2022-11-03 15:00:00,0.0,850.0
2022-11-03 16:00:00,0.0,850.0
2022-11-04 05:00:00,0.017,850.0
2022-11-04 06:00:00,0.034,850.0
2022-11-04 07:00:00,0.017,850.0
2022-11-04 08:00:00,0.017,850.0
2022-11-04 09:00:00,0.017,850.0
2022-11-04 10:00:00,0.017,850.0
2022-11-04 11:00:00,0.0,850.0
2022-11-04 12:00:00,0.0,850.0
2022-11-04 13:00:00,0.0,850.0
2022-11-04 14:00:00,0.0,850.0
2022-11-04 15:00:00,0.0,850.0
2022-11-04 16:00:00,0.0,850.0
2022-11-05 07:00:00,0.6091666666666667,850.0
2022-11-05 08:00:00,0.7678333333333334,850.0
2022-11-05 09:00:00,0.017,850.0
2022-11-05 10:00:00,0.0,850.0
2022-11-05 11:00:00,0.034,850.0
2022-11-05 12:00:00,0.0,825.0
2022-11-05 13:00:00,0.0,827.0
2022-11-05 14:00:00,0.0,847.0
2022-11-05 15:00:00,0.0,850.0
2022-11-05 16:00:00,0.0,849.0
2022-11-05 17:00:00,0.0,850.0
2022-11-05 20:00:00,0.5609999999999999,850.0
2022-11-05 21:00:00,0.0595,850.0
2022-11-05 22:00:00,0.0085,850.0
2022-11-05 23:00:00,0.017,850.0
2022-11-06 00:00:00,0.017,850.0
2022-11-06 01:00:00,0.017,850.0
2022-11-06 02:00:00,0.6403333333333333,849.0
2022-11-06 03:00:00,0.3184666666666667,850.0
2022-11-06 04:00:00,0.0272,850.0
2022-11-06 05:00:00,0.4306666666666667,850.0
2022-11-06 06:00:00,0.0623333333333333,850.0
2022-11-06 07:00:00,0.017,850.0
2022-11-06 08:00:00,0.017,829.0
2022-11-06 09:00:00,0.017,829.0
2022-11-06 10:00:00,0.0,843.0
2022-11-06 11:00:00,0.0,831.0
2022-11-06 12:00:00,0.0,839.0
2022-11-06 13:00:00,0.0,850.0
2022-11-06 14:00:00,0.0,850.0
2022-11-06 15:00:00,0.0,850.0
2022-11-07 08:00:00,0.034,850.0
2022-11-07 09:00:00,0.0,850.0
2022-11-07 10:00:00,0.0,850.0
2022-11-07 11:00:00,0.0,850.0
2022-11-07 12:00:00,0.0,850.0
2022-11-07 13:00:00,0.0,850.0
2022-11-07 14:00:00,0.0,850.0
2022-11-07 16:00:00,1.088,850.0
2022-11-07 17:00:00,9.435,850.0
2022-11-07 18:00:00,0.0,850.0
2022-11-07 19:00:00,0.017,850.0
2022-11-07 20:00:00,0.017,850.0
2022-11-07 21:00:00,0.017,850.0
2022-11-07 22:00:00,0.017,734.0
2022-11-07 23:00:00,0.0226666666666666,823.0
2022-11-08 00:00:00,0.0113333333333333,823.0
2022-11-08 01:00:00,0.017,823.0
2022-11-08 02:00:00,0.017,837.0
2022-11-08 03:00:00,0.0,850.0
2022-11-08 04:00:00,0.017,850.0
2022-11-08 05:00:00,0.0,850.0
2022-11-08 06:00:00,0.017,850.0
2022-11-08 07:00:00,0.0,850.0
2022-11-08 08:00:00,0.0,850.0
2022-11-08 09:00:00,0.0,850.0
2022-11-08 10:00:00,0.0,850.0
2022-11-08 11:00:00,0.0,850.0
2022-11-08 12:00:00,0.0,850.0
2022-11-10 13:00:00,0.102,849.0
2022-11-10 14:00:00,2.159,850.0
2022-11-10 15:00:00,1.3968333333333334,850.0
2022-11-10 16:00:00,0.0821666666666666,849.0
2022-11-10 17:00:00,0.6686666666666666,849.0
2022-11-10 18:00:00,0.6006666666666667,850.0
2022-11-10 19:00:00,1.7226666666666666,814.0
2022-11-10 20:00:00,0.017,816.0
2022-11-10 21:00:00,0.1133333333333333,818.0
2022-11-10 22:00:00,0.8046666666666668,839.0
2022-11-10 23:00:00,0.765,825.0
2022-11-11 00:00:00,0.068,814.0
2022-11-11 01:00:00,0.391,831.0
2022-11-11 02:00:00,0.1105,843.0
2022-11-11 03:00:00,0.3485,825.0
2022-11-11 04:00:00,0.5411666666666667,819.0
2022-11-11 05:00:00,1.5668333333333333,825.0
2022-11-11 06:00:00,0.1756666666666667,839.0
2022-11-11 07:00:00,4.087933333333333,831.0
2022-11-11 08:00:00,8.084066666666667,833.0
2022-11-11 09:00:00,8.919333333333332,833.0
2022-11-11 10:00:00,6.250333333333333,814.0
2022-11-11 11:00:00,2.419666666666666,831.0
2022-11-11 12:00:00,1.802,812.0
2022-11-11 13:00:00,1.4818333333333331,785.0
2022-11-11 14:00:00,1.8501666666666663,726.0
2022-11-11 15:00:00,0.255,785.0
2022-11-11 16:00:00,0.153,769.0
2022-11-11 17:00:00,0.0,814.0
2022-11-11 18:00:00,0.0,818.0
2022-11-11 19:00:00,0.0,819.0
2022-11-11 20:00:00,0.0,821.0
2022-11-11 21:00:00,0.0,829.0
2022-11-11 22:00:00,0.0,831.0
2022-11-11 23:00:00,0.017,829.0
2022-11-12 00:00:00,0.0242857142857142,831.0
2022-11-12 01:00:00,0.0437142857142857,829.0
2022-11-12 02:00:00,0.034,835.0
2022-11-12 03:00:00,0.02125,839.0
2022-11-12 04:00:00,0.04335,843.0
2022-11-12 05:00:00,0.0272,843.0
2022-11-12 06:00:00,0.0272,849.0
2022-11-12 07:00:00,0.034,850.0
2022-11-12 08:00:00,0.034,850.0
2022-11-12 09:00:00,0.0481666666666666,850.0
2022-11-12 10:00:00,0.0028333333333333,850.0
2022-11-12 11:00:00,0.0,850.0
2022-11-12 12:00:00,0.0,850.0
2022-11-12 13:00:00,0.0,850.0
2022-11-12 14:00:00,0.0,850.0
2022-11-12 15:00:00,0.0,850.0
2022-11-12 16:00:00,0.0,850.0
2022-11-15 06:00:00,0.1501666666666666,850.0
2022-11-15 07:00:00,0.0538333333333333,849.0
2022-11-15 08:00:00,0.0,850.0
2022-11-15 09:00:00,1.037,850.0
2022-11-15 10:00:00,1.7566666666666666,850.0
2022-11-15 11:00:00,0.6275833333333334,850.0
2022-11-15 12:00:00,2.01875,850.0
2022-11-15 13:00:00,1.4892,850.0
2022-11-15 14:00:00,0.3581333333333333,850.0
2022-11-15 15:00:00,4.017666666666667,819.0
2022-11-15 16:00:00,0.136,827.0
2022-11-15 17:00:00,1.4365,819.0
2022-11-15 18:00:00,0.0934999999999999,825.0
2022-11-15 19:00:00,0.255,825.0
2022-11-15 20:00:00,0.0,810.0
2022-11-15 21:00:00,0.0,827.0
2022-11-15 22:00:00,0.017,831.0
2022-11-15 23:00:00,0.0,829.0
2022-11-16 00:00:00,0.0,829.0
2022-11-16 01:00:00,0.0,833.0
2022-11-16 02:00:00,0.0,837.0
2022-11-16 03:00:00,0.017,837.0
2022-11-16 04:00:00,0.017,839.0
2022-11-16 05:00:00,0.017,841.0
2022-11-16 06:00:00,0.0,843.0
2022-11-16 07:00:00,0.017,843.0
2022-11-16 08:00:00,0.0,845.0
2022-11-16 09:00:00,0.0,843.0
2022-11-16 10:00:00,0.0,849.0
2022-11-16 11:00:00,0.0,849.0
2022-11-16 12:00:00,0.0,850.0
2022-11-16 13:00:00,0.0,850.0
2022-11-18 13:00:00,0.034,852.0
2022-11-18 14:00:00,0.0,850.0
2022-11-18 15:00:00,0.0,850.0
2022-11-18 16:00:00,0.0,850.0
2022-11-18 17:00:00,0.0,850.0
2022-11-18 18:00:00,0.0,850.0
2022-11-18 19:00:00,0.0,850.0
