datetime,level,Model forecast
2022-01-01 01:00:00,850.0,847.95746
2022-01-01 02:00:00,790.0,847.9492
2022-01-01 03:00:00,804.0,847.9319
2022-01-01 04:00:00,829.0,847.8888
2022-01-01 05:00:00,794.0,847.8453
2022-01-01 06:00:00,829.0,847.8049
2022-01-01 07:00:00,831.0,847.7774
2022-01-01 08:00:00,833.0,847.77814
2022-01-01 09:00:00,837.0,847.76544
2022-01-01 10:00:00,837.0,847.8143
2022-01-01 11:00:00,837.0,847.7961
2022-01-01 12:00:00,837.0,847.752
2022-01-01 13:00:00,837.0,847.7037
2022-01-01 14:00:00,839.0,847.75085
2022-01-01 15:00:00,839.0,847.78284
2022-01-01 16:00:00,839.0,847.851
2022-01-01 17:00:00,839.0,847.8886
2022-01-01 18:00:00,839.0,847.8538
2022-01-01 19:00:00,839.0,847.7659
2022-01-01 20:00:00,839.0,847.6663
2022-01-02 03:00:00,849.0,847.81744
2022-01-02 04:00:00,850.0,847.9823
2022-01-02 05:00:00,850.0,849.0464
2022-01-02 06:00:00,850.0,848.22876
2022-01-02 07:00:00,850.0,846.9334
2022-01-02 08:00:00,850.0,849.83167
2022-01-02 09:00:00,850.0,828.38635
2022-01-02 10:00:00,726.0,724.54803
2022-01-02 11:00:00,734.0,735.0486
2022-01-02 12:00:00,792.0,789.8137
2022-01-02 13:00:00,798.0,797.52496
2022-01-02 14:00:00,787.0,786.59155
2022-01-02 15:00:00,810.0,812.1938
2022-01-02 16:00:00,827.0,831.7344
2022-01-02 17:00:00,829.0,829.7501
2022-01-02 18:00:00,831.0,827.7988
2022-01-02 19:00:00,831.0,827.008
2022-01-02 20:00:00,827.0,820.09045
2022-01-02 21:00:00,825.0,820.988
2022-01-02 22:00:00,827.0,828.9958
2022-01-02 23:00:00,831.0,833.3476
2022-01-03 00:00:00,831.0,830.3644
2022-01-03 01:00:00,833.0,829.30164
2022-01-03 02:00:00,833.0,829.0208
2022-01-03 03:00:00,833.0,830.24786
2022-01-03 04:00:00,829.0,828.1645
2022-01-03 05:00:00,827.0,825.07837
2022-01-03 06:00:00,808.0,807.0333
2022-01-03 07:00:00,816.0,814.9083
2022-01-03 08:00:00,829.0,826.73175
2022-01-03 09:00:00,697.0,696.4762
2022-01-03 10:00:00,750.0,750.1954
2022-01-03 11:00:00,711.0,709.60284
2022-01-03 12:00:00,777.0,775.74677
2022-01-03 13:00:00,812.0,813.7871
2022-01-04 11:00:00,833.0,845.9486
2022-01-04 12:00:00,835.0,847.69684
2022-01-04 13:00:00,837.0,847.799
2022-01-04 14:00:00,837.0,847.81793
2022-01-04 15:00:00,837.0,847.79987
2022-01-04 16:00:00,839.0,847.7563
2022-01-04 17:00:00,843.0,847.7082
2022-01-05 13:00:00,849.0,847.7634
2022-01-05 14:00:00,849.0,847.8095
2022-01-05 15:00:00,849.0,847.9104
2022-01-05 16:00:00,849.0,847.9667
2022-01-05 17:00:00,849.0,847.9193
2022-01-05 18:00:00,849.0,847.79083
2022-01-05 19:00:00,849.0,847.6388
2022-01-06 09:00:00,849.0,847.74286
2022-01-06 10:00:00,849.0,847.7589
2022-01-06 11:00:00,849.0,847.7934
2022-01-06 12:00:00,849.0,847.81244
2022-01-06 13:00:00,849.0,847.7978
2022-01-06 14:00:00,849.0,847.7561
2022-01-06 15:00:00,849.0,847.74207
2022-01-06 16:00:00,849.0,847.9258
2022-01-06 17:00:00,849.0,848.2389
2022-01-06 18:00:00,849.0,848.6994
2022-01-06 19:00:00,849.0,848.9028
2022-01-06 20:00:00,849.0,849.3124
2022-01-06 21:00:00,850.0,849.7134
2022-01-06 22:00:00,850.0,849.35864
2022-01-06 23:00:00,850.0,848.67645
2022-01-07 00:00:00,850.0,845.65625
2022-01-07 01:00:00,841.0,846.802
2022-01-07 02:00:00,847.0,847.6179
2022-01-07 03:00:00,849.0,847.6129
2022-01-07 04:00:00,849.0,847.55865
2022-01-09 13:00:00,852.0,847.93604
2022-01-09 14:00:00,852.0,848.40857
2022-01-09 15:00:00,852.0,848.5993
2022-01-09 16:00:00,852.0,847.54034
2022-01-09 17:00:00,852.0,845.2003
2022-01-09 18:00:00,850.0,836.1071
2022-01-09 19:00:00,829.0,823.55054
2022-01-09 20:00:00,812.0,809.1059
2022-01-09 21:00:00,837.0,836.93744
2022-01-09 22:00:00,845.0,849.13513
2022-01-09 23:00:00,788.0,787.92645
2022-01-10 00:00:00,818.0,817.0514
2022-01-10 01:00:00,827.0,835.59766
2022-01-10 02:00:00,833.0,843.75604
2022-01-10 03:00:00,839.0,843.9507
2022-01-10 04:00:00,841.0,843.9136
2022-01-10 05:00:00,845.0,844.12305
2022-01-10 06:00:00,847.0,843.94135
2022-01-10 07:00:00,849.0,843.7298
2022-01-10 08:00:00,849.0,843.60956
2022-01-10 09:00:00,849.0,843.8024
2022-01-10 10:00:00,849.0,843.8984
2022-01-10 11:00:00,849.0,843.6583
2022-01-10 12:00:00,849.0,843.42694
2022-01-10 13:00:00,849.0,843.45215
2022-01-10 14:00:00,850.0,843.6115
2022-01-10 15:00:00,850.0,843.7119
2022-01-12 11:00:00,852.0,847.7563
2022-01-12 12:00:00,852.0,847.78845
2022-01-12 13:00:00,852.0,847.8567
2022-01-12 14:00:00,852.0,847.894
2022-01-12 15:00:00,852.0,847.85956
2022-01-12 16:00:00,852.0,847.7732
2022-01-12 17:00:00,852.0,847.6744
2022-01-13 10:00:00,852.0,847.7527
2022-01-13 11:00:00,852.0,847.7871
2022-01-13 12:00:00,852.0,847.8572
2022-01-13 13:00:00,852.0,847.89307
2022-01-13 14:00:00,852.0,847.855
2022-01-13 15:00:00,852.0,847.7664
2022-01-13 16:00:00,818.0,847.6698
2022-01-16 01:00:00,852.0,847.8165
2022-01-16 02:00:00,852.0,848.1695
2022-01-16 03:00:00,852.0,848.8298
2022-01-16 04:00:00,852.0,849.58167
2022-01-16 05:00:00,852.0,849.72516
2022-01-16 06:00:00,850.0,847.8685
2022-01-16 07:00:00,852.0,843.36426
2022-01-16 08:00:00,816.0,842.62994
2022-01-17 11:00:00,839.0,847.7669
2022-01-17 12:00:00,839.0,847.93024
2022-01-17 13:00:00,839.0,848.3864
2022-01-17 14:00:00,839.0,848.7795
2022-01-17 15:00:00,837.0,847.3671
2022-01-17 16:00:00,823.0,843.1889
2022-01-17 17:00:00,825.0,831.3025
2022-01-17 18:00:00,827.0,820.8768
2022-01-17 19:00:00,825.0,825.7627
2022-01-17 20:00:00,823.0,821.4333
2022-01-17 21:00:00,827.0,824.7187
2022-01-17 22:00:00,829.0,827.9229
2022-01-17 23:00:00,825.0,835.21576
2022-01-18 00:00:00,827.0,844.0991
2022-01-18 01:00:00,831.0,846.67163
2022-01-18 02:00:00,833.0,847.49164
2022-01-18 11:00:00,845.0,847.83435
2022-01-18 12:00:00,845.0,848.1129
2022-01-18 13:00:00,847.0,847.93146
2022-01-18 14:00:00,849.0,845.59906
2022-01-18 15:00:00,849.0,841.3966
2022-01-18 16:00:00,845.0,843.29663
2022-01-18 17:00:00,835.0,831.80194
2022-01-18 18:00:00,833.0,830.68195
2022-01-18 19:00:00,833.0,839.34125
2022-01-18 20:00:00,831.0,845.6649
2022-01-18 21:00:00,827.0,846.8321
2022-01-19 10:00:00,843.0,847.4783
2022-01-19 11:00:00,847.0,847.5147
2022-01-19 12:00:00,849.0,847.6099
2022-01-19 13:00:00,849.0,847.6869
2022-01-19 14:00:00,849.0,847.5974
2022-01-19 15:00:00,849.0,847.3683
2022-01-19 16:00:00,849.0,847.24274
2022-01-20 05:00:00,849.0,847.7517
2022-01-20 06:00:00,849.0,847.8262
2022-01-20 07:00:00,849.0,847.9839
2022-01-20 08:00:00,849.0,848.226
2022-01-20 09:00:00,849.0,848.34204
2022-01-20 10:00:00,849.0,848.22876
2022-01-20 11:00:00,852.0,847.88947
2022-01-20 12:00:00,852.0,847.61945
2022-01-20 13:00:00,850.0,848.17957
2022-01-20 14:00:00,852.0,848.6806
2022-01-20 15:00:00,852.0,848.75507
2022-01-20 16:00:00,852.0,847.7344
2022-01-20 17:00:00,852.0,846.6254
2022-01-20 18:00:00,835.0,829.6652
2022-01-20 19:00:00,823.0,826.12823
2022-01-20 20:00:00,825.0,833.74054
2022-01-20 21:00:00,833.0,836.9747
2022-01-20 22:00:00,837.0,829.7209
2022-01-20 23:00:00,825.0,826.9327
2022-01-21 00:00:00,825.0,836.47546
2022-01-21 01:00:00,829.0,842.77014
2022-01-21 02:00:00,833.0,846.9605
2022-01-21 03:00:00,837.0,847.38074
2022-01-23 11:00:00,852.0,847.76416
2022-01-23 12:00:00,852.0,847.8121
2022-01-23 13:00:00,852.0,847.9134
2022-01-23 14:00:00,852.0,847.9685
2022-01-23 15:00:00,852.0,847.9193
2022-01-23 16:00:00,852.0,847.79083
2022-01-23 17:00:00,852.0,847.6388
2022-02-02 14:00:00,852.0,847.7719
2022-02-02 15:00:00,850.0,847.8354
2022-02-02 16:00:00,852.0,847.9691
2022-02-02 17:00:00,852.0,848.0414
2022-02-02 18:00:00,850.0,847.9788
2022-02-02 19:00:00,852.0,847.80927
2022-02-02 20:00:00,850.0,847.6013
2022-02-02 22:00:00,852.0,847.98486
2022-02-02 23:00:00,852.0,848.50214
2022-02-03 00:00:00,852.0,849.23535
2022-02-03 01:00:00,852.0,849.1922
2022-02-03 02:00:00,852.0,848.4525
2022-02-03 03:00:00,852.0,843.60736
2022-02-03 04:00:00,850.0,842.27264
2022-02-03 05:00:00,852.0,844.1911
2022-02-03 06:00:00,816.0,818.22345
2022-02-03 07:00:00,816.0,819.6321
2022-02-03 08:00:00,823.0,823.37805
2022-02-03 09:00:00,827.0,822.00226
2022-02-03 10:00:00,823.0,823.26935
2022-02-03 11:00:00,821.0,822.4657
2022-02-03 12:00:00,825.0,823.91583
2022-02-03 13:00:00,827.0,825.9229
2022-02-03 14:00:00,823.0,823.063
2022-02-03 15:00:00,823.0,823.6996
2022-02-03 16:00:00,827.0,824.6278
2022-02-03 17:00:00,829.0,829.48724
2022-02-03 18:00:00,829.0,835.5361
2022-02-03 19:00:00,823.0,822.1599
2022-02-03 20:00:00,823.0,822.0222
2022-02-03 21:00:00,771.0,767.9033
2022-02-03 22:00:00,765.0,764.8845
2022-02-03 23:00:00,806.0,806.7418
2022-02-04 00:00:00,754.0,753.19116
2022-02-04 01:00:00,804.0,804.4023
2022-02-04 02:00:00,821.0,819.3017
2022-02-04 03:00:00,825.0,823.46735
2022-02-04 04:00:00,777.0,774.34875
2022-02-04 05:00:00,781.0,779.84735
2022-02-04 06:00:00,787.0,784.3517
2022-02-04 07:00:00,790.0,789.5774
2022-02-04 08:00:00,787.0,785.3978
2022-02-04 09:00:00,788.0,787.50183
2022-02-04 10:00:00,785.0,785.6017
2022-02-04 11:00:00,798.0,799.0657
2022-02-04 12:00:00,808.0,807.4528
2022-02-04 13:00:00,818.0,818.7923
2022-02-04 14:00:00,829.0,829.02057
2022-02-04 15:00:00,798.0,798.32556
2022-02-04 16:00:00,821.0,824.2799
2022-02-04 17:00:00,827.0,829.5448
2022-02-04 18:00:00,829.0,827.2684
2022-02-07 06:00:00,849.0,847.7591
2022-02-07 07:00:00,849.0,847.8671
2022-02-07 08:00:00,849.0,848.09094
2022-02-07 09:00:00,850.0,848.4307
2022-02-07 10:00:00,849.0,848.5833
2022-02-07 11:00:00,849.0,848.43634
2022-02-07 12:00:00,849.0,847.9197
2022-02-07 13:00:00,849.0,847.348
2022-02-07 14:00:00,849.0,847.6802
2022-02-08 02:00:00,849.0,847.7235
2022-02-08 03:00:00,849.0,847.75543
2022-02-08 04:00:00,849.0,847.828
2022-02-08 05:00:00,849.0,847.9351
2022-02-08 06:00:00,849.0,848.0053
2022-02-08 07:00:00,849.0,848.0051
2022-02-08 08:00:00,849.0,847.8975
2022-02-08 09:00:00,849.0,847.79376
2022-02-08 10:00:00,849.0,847.7814
2022-02-08 11:00:00,849.0,847.7779
2022-02-08 12:00:00,849.0,847.8008
2022-02-08 13:00:00,849.0,847.7558
2022-02-08 14:00:00,849.0,847.74335
2022-02-08 15:00:00,849.0,847.69446
2022-02-09 10:00:00,852.0,847.74384
2022-02-09 11:00:00,852.0,847.76843
2022-02-09 12:00:00,852.0,847.8181
2022-02-09 13:00:00,852.0,847.87225
2022-02-09 14:00:00,852.0,847.8748
2022-02-09 15:00:00,852.0,847.8173
2022-02-09 16:00:00,852.0,847.7244
2022-02-09 17:00:00,852.0,847.70593
2022-02-13 09:00:00,850.0,847.85785
2022-02-13 10:00:00,852.0,848.0921
2022-02-13 11:00:00,852.0,848.55945
2022-02-13 12:00:00,852.0,848.7824
2022-02-13 13:00:00,852.0,848.63025
2022-02-13 14:00:00,852.0,848.0527
2022-02-13 15:00:00,852.0,846.95166
2022-02-17 09:00:00,852.0,847.7764
2022-02-17 10:00:00,852.0,847.9808
2022-02-17 11:00:00,852.0,848.38776
2022-02-17 12:00:00,850.0,848.969
2022-02-17 13:00:00,852.0,849.192
2022-02-17 14:00:00,852.0,848.97406
2022-02-17 15:00:00,852.0,847.9595
2022-02-17 16:00:00,852.0,846.5246
2022-02-17 17:00:00,852.0,847.6475
2022-02-17 22:00:00,852.0,847.9117
2022-02-17 23:00:00,852.0,848.3833
2022-02-18 00:00:00,850.0,850.73816
2022-02-18 01:00:00,850.0,848.4718
2022-02-18 02:00:00,850.0,851.3879
2022-02-18 03:00:00,852.0,853.1878
2022-02-18 04:00:00,802.0,801.2907
2022-02-18 05:00:00,763.0,761.9886
2022-02-18 06:00:00,796.0,795.39233
2022-02-18 07:00:00,804.0,802.3002
2022-02-18 08:00:00,819.0,829.36145
2022-02-18 09:00:00,827.0,828.71796
2022-02-18 10:00:00,829.0,828.1132
2022-02-18 11:00:00,833.0,828.52905
2022-02-18 12:00:00,833.0,829.1144
2022-02-18 13:00:00,833.0,828.6165
2022-02-18 14:00:00,833.0,828.6225
2022-02-18 15:00:00,833.0,828.6932
2022-02-18 16:00:00,837.0,828.7583
2022-02-18 17:00:00,837.0,828.75
2022-02-18 18:00:00,839.0,828.69244
2022-02-18 19:00:00,841.0,828.6636
2022-02-18 20:00:00,843.0,828.73755
2022-02-19 10:00:00,850.0,847.731
2022-02-19 11:00:00,850.0,847.77234
2022-02-19 12:00:00,852.0,847.8528
2022-02-19 13:00:00,852.0,847.8922
2022-02-19 14:00:00,852.0,847.8589
2022-02-19 15:00:00,852.0,847.7729
2022-02-19 16:00:00,852.0,847.6727
2022-02-21 18:00:00,852.0,847.8787
2022-02-21 19:00:00,850.0,848.2884
2022-02-21 20:00:00,850.0,848.9467
2022-02-21 21:00:00,852.0,849.32446
2022-02-21 22:00:00,852.0,849.5584
2022-02-21 23:00:00,852.0,847.04175
2022-02-22 00:00:00,850.0,839.18225
2022-02-22 01:00:00,833.0,841.0775
2022-02-22 02:00:00,833.0,845.4523
2022-02-22 03:00:00,845.0,847.8677
2022-02-22 04:00:00,850.0,848.0622
2022-02-22 05:00:00,850.0,847.9482
2022-02-22 06:00:00,850.0,847.92487
2022-02-22 07:00:00,852.0,848.2365
2022-02-22 08:00:00,850.0,848.9797
2022-02-22 12:00:00,823.0,848.6792
2022-02-23 06:00:00,850.0,847.8242
2022-02-23 07:00:00,850.0,848.446
2022-02-23 08:00:00,850.0,847.8854
2022-02-23 09:00:00,850.0,847.72284
2022-02-23 10:00:00,850.0,841.2947
2022-02-23 11:00:00,850.0,832.72473
2022-02-23 12:00:00,821.0,816.6715
2022-02-23 13:00:00,825.0,825.28894
2022-02-23 14:00:00,781.0,781.32587
2022-02-23 15:00:00,792.0,792.9771
2022-02-23 16:00:00,819.0,829.0664
2022-02-23 17:00:00,827.0,843.9699
2022-02-23 18:00:00,833.0,844.5748
2022-02-23 19:00:00,837.0,844.4059
2022-02-23 20:00:00,839.0,844.0831
2022-02-23 21:00:00,841.0,843.91327
2022-02-24 06:00:00,843.0,844.50726
2022-02-24 07:00:00,843.0,844.4365
2022-02-24 08:00:00,843.0,844.04254
2022-02-24 09:00:00,843.0,842.76404
2022-02-24 10:00:00,843.0,841.1204
2022-02-24 11:00:00,845.0,843.29205
2022-02-24 12:00:00,845.0,843.2754
2022-02-24 13:00:00,845.0,843.10736
2022-02-24 14:00:00,845.0,845.4787
2022-02-24 15:00:00,845.0,847.5009
2022-02-26 21:00:00,850.0,847.7563
2022-02-26 22:00:00,852.0,847.78845
2022-02-26 23:00:00,852.0,847.8567
2022-02-27 00:00:00,852.0,847.894
2022-02-27 01:00:00,850.0,847.85956
2022-02-27 02:00:00,850.0,847.8686
2022-02-27 03:00:00,850.0,847.977
2022-02-27 04:00:00,852.0,848.487
2022-02-27 05:00:00,852.0,847.21936
2022-02-27 06:00:00,850.0,844.1025
2022-02-27 07:00:00,850.0,845.32874
2022-02-27 08:00:00,850.0,841.529
2022-02-27 09:00:00,819.0,816.0104
2022-02-27 10:00:00,818.0,817.92126
2022-02-27 11:00:00,827.0,825.7377
2022-02-27 12:00:00,827.0,824.84515
2022-02-27 13:00:00,819.0,819.9719
2022-02-27 14:00:00,827.0,822.8488
2022-02-27 15:00:00,827.0,824.9466
2022-02-27 16:00:00,823.0,822.2149
2022-02-27 17:00:00,812.0,813.4046
2022-02-27 18:00:00,814.0,817.2931
2022-02-27 19:00:00,825.0,835.34784
2022-02-27 20:00:00,829.0,838.1906
2022-02-28 09:00:00,845.0,841.1476
2022-02-28 10:00:00,845.0,844.34467
2022-02-28 11:00:00,843.0,846.3788
2022-02-28 12:00:00,843.0,846.88556
2022-02-28 13:00:00,843.0,846.87396
2022-02-28 14:00:00,843.0,846.25946
2022-02-28 15:00:00,845.0,845.72736
2022-03-07 18:00:00,850.0,848.05664
2022-03-07 19:00:00,850.0,847.3668
2022-03-07 20:00:00,850.0,846.25885
2022-03-07 21:00:00,850.0,851.13446
2022-03-07 22:00:00,850.0,852.0203
2022-03-07 23:00:00,808.0,806.0188
2022-03-08 00:00:00,783.0,785.3273
2022-03-08 01:00:00,843.0,839.66016
2022-03-08 02:00:00,850.0,846.89594
2022-03-08 03:00:00,850.0,846.5892
2022-03-08 04:00:00,850.0,847.35724
2022-03-08 05:00:00,852.0,847.3498
2022-03-08 06:00:00,850.0,847.3329
2022-03-08 07:00:00,850.0,847.3064
2022-03-08 08:00:00,850.0,847.28455
2022-03-08 09:00:00,850.0,847.3317
2022-03-08 10:00:00,850.0,847.4352
2022-03-08 11:00:00,850.0,847.5323
2022-03-08 12:00:00,850.0,847.4564
2022-03-08 13:00:00,850.0,847.4081
2022-03-08 15:00:00,852.0,847.5874
2022-03-08 16:00:00,850.0,848.2255
2022-03-08 17:00:00,850.0,847.1996
2022-03-08 18:00:00,850.0,849.1698
2022-03-08 19:00:00,850.0,852.77374
2022-03-08 20:00:00,850.0,839.5825
2022-03-08 21:00:00,806.0,803.539
2022-03-08 22:00:00,825.0,824.59265
2022-03-08 23:00:00,816.0,815.3595
2022-03-09 00:00:00,792.0,792.39984
2022-03-09 01:00:00,771.0,771.6287
2022-03-09 02:00:00,800.0,799.9857
2022-03-09 03:00:00,790.0,789.728
2022-03-09 04:00:00,798.0,798.99725
2022-03-09 05:00:00,816.0,818.33813
2022-03-09 06:00:00,829.0,826.14886
2022-03-09 07:00:00,827.0,831.32306
2022-03-09 08:00:00,831.0,826.8618
2022-03-09 09:00:00,833.0,828.45795
2022-03-09 10:00:00,833.0,833.4164
2022-03-09 11:00:00,825.0,823.5131
2022-03-09 12:00:00,785.0,783.55835
2022-03-09 13:00:00,767.0,767.1485
2022-03-09 14:00:00,773.0,772.868
2022-03-09 15:00:00,808.0,810.8527
2022-03-09 16:00:00,827.0,824.66156
2022-03-10 13:00:00,837.0,846.228
2022-03-10 14:00:00,839.0,847.66376
2022-03-10 15:00:00,843.0,848.041
2022-03-10 16:00:00,845.0,848.18225
2022-03-10 17:00:00,849.0,848.097
2022-03-10 18:00:00,849.0,847.8481
2022-03-10 19:00:00,849.0,847.52026
2022-03-12 00:00:00,849.0,847.83636
2022-03-12 01:00:00,849.0,848.1776
2022-03-12 02:00:00,849.0,849.3485
2022-03-12 03:00:00,849.0,848.2353
2022-03-12 04:00:00,849.0,850.4095
2022-03-12 05:00:00,849.0,841.79694
2022-03-12 06:00:00,773.0,770.1669
2022-03-12 07:00:00,781.0,779.44745
2022-03-12 08:00:00,734.0,735.2585
2022-03-12 09:00:00,759.0,755.4478
2022-03-12 10:00:00,783.0,782.9535
2022-03-12 11:00:00,808.0,813.18536
2022-03-12 12:00:00,823.0,825.4803
2022-03-16 04:00:00,849.0,847.97754
2022-03-16 05:00:00,849.0,848.0647
2022-03-16 06:00:00,849.0,846.6638
2022-03-16 07:00:00,850.0,848.8517
2022-03-16 08:00:00,829.0,837.28235
2022-03-16 09:00:00,819.0,813.02966
2022-03-16 10:00:00,818.0,818.2207
2022-03-16 11:00:00,825.0,824.49335
2022-03-16 12:00:00,812.0,810.17303
2022-03-16 13:00:00,732.0,730.8928
2022-03-16 14:00:00,759.0,757.306
2022-03-16 15:00:00,752.0,752.0145
2022-03-16 16:00:00,779.0,779.08044
2022-03-16 17:00:00,810.0,808.8741
2022-03-16 18:00:00,821.0,817.69446
2022-03-16 19:00:00,829.0,825.72003
2022-03-16 20:00:00,827.0,833.7364
2022-03-16 21:00:00,829.0,834.6778
2022-03-17 06:00:00,839.0,835.35114
2022-03-17 07:00:00,839.0,835.1803
2022-03-17 08:00:00,839.0,834.6887
2022-03-17 09:00:00,839.0,833.37866
2022-03-17 10:00:00,839.0,831.02563
2022-03-17 11:00:00,839.0,830.05743
2022-03-17 12:00:00,839.0,834.36615
2022-03-17 13:00:00,839.0,835.7929
2022-03-17 14:00:00,839.0,841.59265
2022-03-17 15:00:00,839.0,843.8475
2022-03-17 16:00:00,839.0,846.1504
2022-03-17 17:00:00,839.0,847.26807
2022-03-17 18:00:00,839.0,847.57635
2022-03-18 10:00:00,839.0,847.7399
2022-03-18 11:00:00,839.0,847.7837
2022-03-18 12:00:00,839.0,847.88684
2022-03-18 13:00:00,839.0,847.9944
2022-03-18 14:00:00,839.0,848.1794
2022-03-18 15:00:00,839.0,847.73627
2022-03-18 16:00:00,839.0,847.90076
2022-03-18 17:00:00,841.0,852.00073
2022-03-18 18:00:00,819.0,823.79785
2022-03-18 19:00:00,812.0,810.63544
2022-03-18 20:00:00,804.0,804.1983
2022-03-18 21:00:00,818.0,819.6982
2022-03-18 22:00:00,829.0,832.04834
2022-03-19 00:00:00,833.0,844.73553
2022-03-19 01:00:00,837.0,844.7385
2022-03-19 02:00:00,837.0,844.6658
2022-03-19 03:00:00,837.0,844.4489
2022-03-19 04:00:00,837.0,843.73083
2022-03-19 05:00:00,837.0,842.4387
2022-03-19 06:00:00,837.0,841.2157
2022-03-19 07:00:00,837.0,840.28973
2022-03-19 08:00:00,837.0,840.5503
2022-03-19 09:00:00,833.0,837.8545
2022-03-19 10:00:00,833.0,837.32635
2022-03-19 11:00:00,833.0,838.1938
2022-03-19 12:00:00,837.0,840.53973
2022-03-19 13:00:00,839.0,842.6473
2022-03-19 14:00:00,843.0,843.0038
2022-03-19 15:00:00,843.0,843.7437
2022-03-23 06:00:00,852.0,848.10144
2022-03-23 07:00:00,850.0,847.9177
2022-03-23 08:00:00,852.0,848.35236
2022-03-23 09:00:00,850.0,847.2216
2022-03-23 10:00:00,829.0,839.5135
2022-03-23 11:00:00,808.0,806.01324
2022-03-23 12:00:00,790.0,790.05005
2022-03-23 13:00:00,742.0,742.7713
2022-03-23 14:00:00,812.0,811.5474
2022-03-23 15:00:00,800.0,799.7645
2022-03-23 16:00:00,825.0,823.6313
2022-03-23 17:00:00,732.0,730.2355
2022-03-23 18:00:00,796.0,797.557
2022-03-23 19:00:00,829.0,827.9686
2022-04-13 12:00:00,850.0,847.7872
2022-04-13 13:00:00,850.0,847.8811
2022-04-13 14:00:00,850.0,848.0775
2022-04-13 15:00:00,850.0,848.18225
2022-04-13 16:00:00,852.0,848.097
2022-04-13 17:00:00,850.0,847.8481
2022-04-13 18:00:00,850.0,847.52026
2022-04-16 06:00:00,852.0,847.91565
2022-04-16 07:00:00,850.0,848.0772
2022-04-16 08:00:00,852.0,847.6035
2022-04-16 09:00:00,852.0,847.17566
2022-04-16 10:00:00,850.0,838.9135
2022-04-16 11:00:00,808.0,813.7978
2022-04-16 12:00:00,812.0,811.2158
2022-04-16 13:00:00,827.0,828.70825
2022-04-16 14:00:00,839.0,842.7145
2022-04-16 15:00:00,845.0,845.56244
2022-04-17 04:00:00,850.0,846.99054
2022-04-17 05:00:00,850.0,846.9601
2022-04-17 06:00:00,850.0,846.9222
2022-04-17 07:00:00,850.0,847.02783
2022-04-17 08:00:00,850.0,847.36914
2022-04-17 09:00:00,850.0,847.06915
2022-04-17 10:00:00,850.0,845.0666
2022-04-17 11:00:00,850.0,844.6933
2022-04-17 12:00:00,850.0,845.5688
2022-04-17 13:00:00,850.0,847.135
2022-04-17 14:00:00,850.0,847.6741
2022-04-17 23:00:00,850.0,847.8221
2022-04-18 00:00:00,850.0,848.32556
2022-04-18 01:00:00,850.0,847.9122
2022-04-18 02:00:00,850.0,848.08527
2022-04-18 03:00:00,850.0,846.6332
2022-04-18 04:00:00,790.0,786.2203
2022-04-18 05:00:00,816.0,815.0895
2022-04-18 06:00:00,806.0,806.18726
2022-04-18 07:00:00,678.0,672.4124
2022-04-18 08:00:00,781.0,779.8891
2022-04-18 09:00:00,777.0,776.6374
2022-04-18 10:00:00,796.0,792.3949
2022-04-18 11:00:00,790.0,789.7438
2022-04-18 12:00:00,657.0,654.3605
2022-04-18 13:00:00,750.0,747.65796
2022-04-18 14:00:00,806.0,805.1629
2022-04-18 15:00:00,823.0,822.5272
2022-04-23 07:00:00,850.0,847.7563
2022-04-23 08:00:00,850.0,847.7962
2022-04-23 09:00:00,850.0,847.8871
2022-04-23 10:00:00,850.0,847.9717
2022-04-23 11:00:00,850.0,847.9907
2022-04-23 12:00:00,850.0,847.9139
2022-04-23 13:00:00,850.0,847.75543
2022-04-23 14:00:00,850.0,847.71936
2022-04-23 15:00:00,850.0,847.7014
2022-04-24 08:00:00,850.0,847.7462
2022-04-24 09:00:00,850.0,847.7623
2022-04-24 10:00:00,850.0,847.79315
2022-04-24 11:00:00,850.0,847.80853
2022-04-24 12:00:00,850.0,847.7902
2022-04-24 13:00:00,850.0,847.75085
2022-04-24 14:00:00,850.0,847.706
2022-04-25 07:00:00,850.0,847.7465
2022-04-25 08:00:00,850.0,847.7796
2022-04-25 09:00:00,850.0,847.8537
2022-04-25 10:00:00,850.0,847.9532
2022-04-25 11:00:00,850.0,848.00494
2022-04-25 12:00:00,850.0,847.95233
2022-04-25 13:00:00,852.0,847.8036
2022-04-25 14:00:00,850.0,847.6879
2022-04-25 15:00:00,850.0,847.7014
2022-04-26 07:00:00,850.0,847.7421
2022-04-26 08:00:00,850.0,847.7694
2022-04-26 09:00:00,850.0,847.8293
2022-04-26 10:00:00,850.0,847.89465
2022-04-26 11:00:00,850.0,847.9252
2022-04-26 12:00:00,850.0,847.96704
2022-04-26 13:00:00,850.0,848.2482
2022-04-26 14:00:00,850.0,848.8859
2022-04-26 15:00:00,850.0,848.8891
2022-04-26 16:00:00,850.0,848.37994
2022-04-26 17:00:00,814.0,815.35815
2022-04-26 18:00:00,843.0,838.0217
2022-04-26 19:00:00,850.0,849.6811
2022-05-04 05:00:00,850.0,847.7563
2022-05-04 06:00:00,850.0,847.81885
2022-05-04 07:00:00,850.0,847.9472
2022-05-04 08:00:00,850.0,848.11194
2022-05-04 09:00:00,850.0,848.15405
2022-05-04 10:00:00,850.0,848.02216
2022-05-04 11:00:00,850.0,847.74475
2022-05-04 12:00:00,850.0,847.5943
2022-05-05 07:00:00,850.0,847.7473
2022-05-05 08:00:00,850.0,847.7638
2022-05-05 09:00:00,850.0,847.80597
2022-05-05 10:00:00,850.0,847.8592
2022-05-05 11:00:00,850.0,847.8691
2022-05-05 12:00:00,850.0,847.8173
2022-05-05 13:00:00,850.0,847.7244
2022-05-05 14:00:00,850.0,847.70593
2022-05-06 03:00:00,850.0,847.84106
2022-05-06 04:00:00,850.0,848.07153
2022-05-06 05:00:00,850.0,848.53705
2022-05-06 06:00:00,850.0,848.8462
2022-05-06 07:00:00,850.0,848.84546
2022-05-06 08:00:00,850.0,848.4903
2022-05-06 09:00:00,850.0,847.41724
2022-05-06 10:00:00,850.0,847.7138
2022-05-06 11:00:00,850.0,847.7517
2022-05-06 12:00:00,850.0,847.7905
2022-05-06 13:00:00,852.0,847.77264
2022-05-06 14:00:00,850.0,847.718
2022-05-06 15:00:00,850.0,847.7061
2022-05-06 16:00:00,850.0,847.6553
2022-05-13 03:00:00,850.0,847.8413
2022-05-13 04:00:00,850.0,848.1171
2022-05-13 05:00:00,850.0,848.67065
2022-05-13 06:00:00,850.0,849.14404
2022-05-13 07:00:00,850.0,849.36835
2022-05-13 08:00:00,847.0,849.478
2022-05-13 09:00:00,850.0,848.83997
2022-05-13 10:00:00,850.0,848.49994
2022-05-13 11:00:00,850.0,848.2986
2022-05-13 12:00:00,850.0,848.004
2022-05-13 13:00:00,850.0,847.72974
2022-05-13 14:00:00,850.0,847.55206
2022-05-13 15:00:00,850.0,847.4848
2022-05-13 16:00:00,850.0,847.5305
2022-05-13 17:00:00,850.0,847.58136
2022-05-13 18:00:00,850.0,847.68774
2022-05-13 19:00:00,850.0,847.90393
2022-05-13 20:00:00,850.0,848.35175
2022-05-13 21:00:00,850.0,848.8172
2022-05-13 22:00:00,850.0,849.14374
2022-05-13 23:00:00,850.0,849.45056
2022-05-14 00:00:00,850.0,848.94604
2022-05-14 01:00:00,850.0,847.61145
2022-05-14 02:00:00,850.0,846.2904
2022-05-14 03:00:00,850.0,846.3716
2022-05-14 04:00:00,850.0,847.6229
2022-05-14 05:00:00,850.0,847.703
2022-05-14 06:00:00,850.0,847.7274
2022-05-14 07:00:00,850.0,847.68933
2022-05-14 08:00:00,850.0,847.6287
2022-05-14 09:00:00,852.0,847.67413
2022-05-14 10:00:00,850.0,847.7037
2022-05-14 11:00:00,850.0,847.70496
2022-05-14 12:00:00,850.0,847.6658
2022-05-14 13:00:00,850.0,847.5985
2022-05-14 14:00:00,850.0,847.5504
2022-05-14 15:00:00,850.0,847.5586
2022-05-14 17:00:00,850.0,847.62634
2022-05-14 18:00:00,850.0,847.6606
2022-05-14 19:00:00,850.0,847.7307
2022-05-14 20:00:00,850.0,847.802
2022-05-14 21:00:00,850.0,847.8023
2022-05-14 22:00:00,850.0,847.69775
2022-05-14 23:00:00,850.0,847.55505
2022-05-15 00:00:00,850.0,847.5603
2022-05-20 08:00:00,850.0,847.74835
2022-05-20 09:00:00,850.0,847.7724
2022-05-20 10:00:00,850.0,847.82263
2022-05-20 11:00:00,850.0,847.87524
2022-05-20 12:00:00,850.0,847.8768
2022-05-20 13:00:00,850.0,847.8173
2022-05-20 14:00:00,850.0,847.7244
2022-05-20 15:00:00,850.0,847.70593
2022-05-22 06:00:00,850.0,847.76416
2022-05-22 07:00:00,850.0,847.8121
2022-05-22 08:00:00,850.0,847.9206
2022-05-22 09:00:00,850.0,847.9898
2022-05-22 10:00:00,850.0,847.97455
2022-05-22 11:00:00,850.0,847.8707
2022-05-22 12:00:00,850.0,847.70374
2022-05-22 13:00:00,850.0,847.7499
2022-05-22 14:00:00,850.0,847.7014
2022-05-23 00:00:00,850.0,848.115
2022-05-23 01:00:00,850.0,848.681
2022-05-23 02:00:00,850.0,848.098
2022-05-23 03:00:00,850.0,845.14014
2022-05-23 04:00:00,787.0,800.357
2022-05-23 05:00:00,825.0,828.2454
2022-05-23 06:00:00,850.0,848.47296
2022-05-23 07:00:00,850.0,847.4068
2022-05-23 08:00:00,850.0,847.42035
2022-05-23 09:00:00,850.0,847.35706
2022-05-23 10:00:00,850.0,848.05365
2022-05-23 11:00:00,850.0,849.5219
2022-05-23 12:00:00,850.0,848.58386
2022-05-23 13:00:00,850.0,853.82385
2022-05-23 14:00:00,825.0,820.7716
2022-05-23 15:00:00,765.0,766.6596
2022-05-23 16:00:00,818.0,818.137
2022-05-23 17:00:00,810.0,809.3388
2022-05-23 18:00:00,823.0,824.779
2022-05-23 19:00:00,833.0,832.2047
2022-05-23 20:00:00,845.0,837.3116
2022-05-23 21:00:00,800.0,796.9437
2022-05-23 22:00:00,835.0,835.1069
2022-05-23 23:00:00,849.0,837.91833
2022-05-24 22:00:00,850.0,848.7615
2022-05-24 23:00:00,850.0,849.218
2022-05-25 00:00:00,850.0,845.35974
2022-05-25 01:00:00,850.0,841.571
2022-05-25 02:00:00,761.0,775.30444
2022-05-25 03:00:00,730.0,728.1475
2022-05-25 04:00:00,829.0,827.8126
2022-05-25 05:00:00,701.0,699.6856
2022-05-25 06:00:00,816.0,815.9845
2022-05-25 07:00:00,816.0,817.4354
2022-05-25 08:00:00,823.0,823.8277
2022-05-25 09:00:00,827.0,832.06506
2022-05-25 10:00:00,827.0,828.8526
2022-05-25 11:00:00,833.0,828.60065
2022-05-26 08:00:00,850.0,847.87946
2022-05-26 09:00:00,850.0,848.36804
2022-05-26 10:00:00,850.0,848.3703
2022-05-26 11:00:00,850.0,846.2571
2022-05-26 12:00:00,850.0,841.1177
2022-05-26 13:00:00,819.0,812.1166
2022-05-26 14:00:00,818.0,822.3437
2022-05-26 15:00:00,833.0,834.9965
2022-05-26 16:00:00,837.0,834.7798
2022-05-26 17:00:00,849.0,846.4325
2022-05-26 18:00:00,850.0,841.38513
2022-05-26 19:00:00,810.0,810.72363
2022-05-26 20:00:00,829.0,817.987
2022-05-26 21:00:00,773.0,771.3645
2022-05-26 22:00:00,730.0,728.5928
2022-05-26 23:00:00,726.0,726.3229
2022-05-27 00:00:00,759.0,757.9009
2022-05-27 01:00:00,825.0,824.6402
2022-05-27 02:00:00,812.0,816.16864
2022-05-27 03:00:00,818.0,817.85016
2022-05-27 04:00:00,829.0,827.08594
2022-05-27 05:00:00,829.0,829.36816
2022-05-27 06:00:00,829.0,826.1646
2022-05-27 07:00:00,806.0,806.70746
2022-05-27 08:00:00,829.0,826.2309
2022-05-27 09:00:00,831.0,827.5792
2022-05-27 10:00:00,833.0,832.9684
2022-05-27 11:00:00,835.0,833.0345
2022-05-27 12:00:00,837.0,832.531
2022-05-27 13:00:00,843.0,831.91205
2022-05-27 14:00:00,847.0,830.751
2022-06-01 07:00:00,850.0,847.7563
2022-06-01 08:00:00,850.0,847.7962
2022-06-01 09:00:00,850.0,847.8871
2022-06-01 10:00:00,850.0,847.9717
2022-06-01 11:00:00,850.0,847.9907
2022-06-01 12:00:00,850.0,847.9139
2022-06-01 13:00:00,850.0,847.75543
2022-06-01 14:00:00,850.0,847.71936
2022-06-01 15:00:00,850.0,847.7014
2022-06-03 16:00:00,850.0,847.99774
2022-06-03 17:00:00,850.0,848.5866
2022-06-03 18:00:00,850.0,846.5097
2022-06-03 19:00:00,850.0,848.15814
2022-06-03 20:00:00,850.0,853.2603
2022-06-03 21:00:00,771.0,772.78723
2022-06-03 22:00:00,827.0,828.0558
2022-06-03 23:00:00,841.0,839.82306
2022-06-04 00:00:00,850.0,842.26184
2022-06-04 01:00:00,850.0,843.5364
2022-06-04 02:00:00,850.0,845.57574
2022-06-04 03:00:00,850.0,846.6248
2022-06-04 04:00:00,850.0,846.31757
2022-06-04 05:00:00,850.0,845.51904
2022-06-04 06:00:00,850.0,845.0186
2022-06-04 07:00:00,850.0,844.60785
2022-06-04 08:00:00,850.0,846.0967
2022-06-04 09:00:00,850.0,845.9276
2022-06-04 10:00:00,850.0,845.7285
2022-06-04 11:00:00,850.0,845.5654
2022-06-04 12:00:00,850.0,845.653
2022-06-04 13:00:00,850.0,845.806
2022-06-04 14:00:00,850.0,846.0964
2022-06-04 15:00:00,850.0,846.2631
2022-06-09 00:00:00,850.0,848.1197
2022-06-09 01:00:00,850.0,848.69415
2022-06-09 02:00:00,850.0,848.7941
2022-06-09 03:00:00,850.0,847.0871
2022-06-09 04:00:00,850.0,832.9242
2022-06-09 05:00:00,827.0,826.8187
2022-06-09 06:00:00,841.0,844.90405
2022-06-09 07:00:00,850.0,845.0482
2022-06-09 08:00:00,850.0,847.3989
2022-06-09 09:00:00,850.0,847.226
2022-06-09 10:00:00,850.0,847.345
2022-06-09 11:00:00,850.0,847.37164
2022-06-27 22:00:00,850.0,847.82153
2022-06-27 23:00:00,850.0,848.0663
2022-06-28 00:00:00,850.0,848.87384
2022-06-28 01:00:00,850.0,849.511
2022-06-28 02:00:00,850.0,849.30005
2022-06-28 03:00:00,850.0,848.43097
2022-06-28 04:00:00,850.0,845.46545
2022-06-28 05:00:00,850.0,847.31384
2022-06-28 06:00:00,850.0,847.7367
2022-06-28 07:00:00,850.0,847.6713
2022-06-28 08:00:00,850.0,847.6626
2022-06-28 09:00:00,850.0,847.6099
2022-06-29 01:00:00,850.0,848.0145
2022-06-29 02:00:00,850.0,848.59705
2022-06-29 03:00:00,852.0,849.3621
2022-06-29 04:00:00,850.0,849.26337
2022-06-29 05:00:00,850.0,847.97723
2022-06-29 06:00:00,825.0,835.1709
2022-06-29 07:00:00,841.0,842.79706
2022-06-29 08:00:00,850.0,846.36273
2022-06-29 09:00:00,850.0,844.75616
2022-06-29 10:00:00,850.0,844.765
2022-06-29 11:00:00,825.0,823.6582
2022-06-29 12:00:00,818.0,817.7353
2022-06-29 13:00:00,827.0,826.4583
2022-06-29 14:00:00,835.0,831.6418
2022-06-29 15:00:00,850.0,840.5715
2022-06-29 17:00:00,850.0,847.4899
2022-06-29 18:00:00,850.0,847.40594
2022-06-29 19:00:00,850.0,846.27325
2022-06-29 20:00:00,850.0,844.33685
2022-06-29 21:00:00,850.0,844.05023
2022-06-29 22:00:00,829.0,821.0804
2022-06-29 23:00:00,839.0,831.0235
2022-06-30 00:00:00,850.0,841.09436
2022-06-30 06:00:00,850.0,846.73596
2022-06-30 07:00:00,850.0,847.32654
2022-06-30 08:00:00,850.0,847.8418
2022-06-30 09:00:00,850.0,847.9039
2022-06-30 10:00:00,850.0,847.00867
2022-06-30 11:00:00,850.0,845.82556
2022-06-30 12:00:00,850.0,845.726
2022-06-30 13:00:00,850.0,846.775
2022-07-01 18:00:00,850.0,847.74835
2022-07-01 19:00:00,850.0,847.80304
2022-07-01 20:00:00,850.0,847.91425
2022-07-01 21:00:00,850.0,848.10077
2022-07-01 22:00:00,850.0,848.19183
2022-07-01 23:00:00,850.0,848.132
2022-07-02 00:00:00,850.0,847.9378
2022-07-02 01:00:00,850.0,847.72046
2022-07-02 02:00:00,850.0,847.82715
2022-07-02 03:00:00,850.0,847.7763
2022-07-02 04:00:00,850.0,847.79517
2022-07-02 05:00:00,850.0,847.8492
2022-07-02 06:00:00,850.0,847.8479
2022-07-02 07:00:00,850.0,847.832
2022-07-02 08:00:00,850.0,847.8724
2022-07-02 09:00:00,850.0,847.8272
2022-07-02 10:00:00,850.0,847.79504
2022-07-02 11:00:00,850.0,847.69836
2022-07-02 12:00:00,850.0,847.6826
2022-07-03 00:00:00,850.0,847.7268
2022-07-03 01:00:00,850.0,847.7603
2022-07-03 02:00:00,850.0,847.81964
2022-07-03 03:00:00,850.0,847.8982
2022-07-03 04:00:00,852.0,847.9491
2022-07-03 05:00:00,850.0,847.95123
2022-07-03 06:00:00,850.0,847.89
2022-07-03 07:00:00,850.0,847.8684
2022-07-03 08:00:00,850.0,847.8817
2022-07-03 09:00:00,850.0,847.91473
2022-07-03 10:00:00,850.0,847.9375
2022-07-03 11:00:00,850.0,847.8543
2022-07-03 12:00:00,850.0,847.7743
2022-07-03 13:00:00,850.0,847.709
2022-07-03 14:00:00,850.0,847.69214
2022-07-03 17:00:00,850.0,847.7414
2022-07-03 18:00:00,850.0,847.7732
2022-07-03 19:00:00,850.0,847.8412
2022-07-03 20:00:00,850.0,847.8793
2022-07-03 21:00:00,850.0,847.8438
2022-07-03 22:00:00,850.0,847.75354
2022-07-03 23:00:00,850.0,847.6526
2022-07-04 20:00:00,850.0,847.8046
2022-07-04 21:00:00,850.0,850.02277
2022-07-04 22:00:00,850.0,847.63745
2022-07-04 23:00:00,850.0,847.3422
2022-07-05 00:00:00,850.0,848.69977
2022-07-05 01:00:00,736.0,733.05554
2022-07-05 02:00:00,831.0,830.84015
2022-07-05 03:00:00,849.0,848.83124
2022-07-05 04:00:00,850.0,844.4524
2022-07-05 05:00:00,850.0,844.061
2022-07-05 06:00:00,850.0,844.4216
2022-07-05 07:00:00,850.0,844.6379
2022-07-05 08:00:00,850.0,844.08014
2022-07-05 09:00:00,849.0,844.0926
2022-07-05 10:00:00,850.0,844.0805
2022-07-05 11:00:00,850.0,844.02484
2022-07-05 12:00:00,850.0,843.9244
2022-07-05 13:00:00,850.0,843.98755
2022-07-05 14:00:00,849.0,844.38495
2022-07-05 23:00:00,849.0,841.4719
2022-07-06 00:00:00,850.0,844.41266
2022-07-06 01:00:00,850.0,846.2527
2022-07-06 02:00:00,850.0,849.7353
2022-07-06 03:00:00,831.0,838.69336
2022-07-06 04:00:00,833.0,834.44586
2022-07-06 05:00:00,849.0,846.5642
2022-07-06 06:00:00,850.0,843.2915
2022-07-06 07:00:00,850.0,851.4122
2022-07-06 08:00:00,806.0,798.49976
2022-07-06 09:00:00,837.0,833.19525
2022-07-06 10:00:00,847.0,842.00757
2022-07-06 11:00:00,849.0,847.4254
2022-07-06 12:00:00,850.0,847.30005
2022-07-06 13:00:00,850.0,847.41815
2022-07-06 18:00:00,850.0,847.5934
2022-07-06 19:00:00,850.0,848.2847
2022-07-06 20:00:00,850.0,846.3013
2022-07-06 21:00:00,850.0,846.00446
2022-07-06 22:00:00,850.0,847.78125
2022-07-06 23:00:00,850.0,843.47546
2022-07-07 00:00:00,759.0,758.07697
2022-07-07 01:00:00,837.0,836.416
2022-07-07 02:00:00,831.0,834.393
2022-07-07 03:00:00,829.0,828.6074
2022-07-07 04:00:00,825.0,823.009
2022-07-07 05:00:00,833.0,830.7897
2022-07-07 06:00:00,845.0,839.7119
2022-07-07 07:00:00,849.0,842.4915
2022-07-07 08:00:00,850.0,844.16266
2022-07-07 09:00:00,850.0,845.4006
2022-07-07 10:00:00,850.0,846.3994
2022-07-07 11:00:00,849.0,846.4537
2022-07-07 12:00:00,850.0,846.59283
2022-07-07 13:00:00,850.0,846.7787
2022-07-07 16:00:00,849.0,847.4475
2022-07-07 17:00:00,850.0,846.516
2022-07-07 18:00:00,849.0,849.46375
2022-07-07 19:00:00,850.0,847.93243
2022-07-07 20:00:00,816.0,819.21326
2022-07-07 21:00:00,829.0,828.5488
2022-07-07 22:00:00,829.0,828.60736
2022-07-07 23:00:00,831.0,832.1859
2022-07-08 00:00:00,845.0,838.77155
2022-07-08 04:00:00,850.0,847.1354
2022-07-08 05:00:00,850.0,847.52814
2022-07-08 06:00:00,850.0,847.76666
2022-07-08 07:00:00,850.0,847.7524
2022-07-08 08:00:00,850.0,847.67773
2022-07-08 09:00:00,850.0,847.6036
2022-07-08 10:00:00,850.0,847.56415
2022-07-08 18:00:00,850.0,848.21765
2022-07-08 19:00:00,850.0,850.46826
2022-07-08 20:00:00,850.0,846.56366
2022-07-08 21:00:00,850.0,848.8018
2022-07-08 22:00:00,850.0,850.92804
2022-07-08 23:00:00,765.0,761.82104
2022-07-09 00:00:00,829.0,829.72296
2022-07-09 01:00:00,831.0,832.6389
2022-07-09 02:00:00,833.0,838.36273
2022-07-09 03:00:00,837.0,833.52325
2022-07-09 04:00:00,829.0,827.9898
2022-07-09 05:00:00,831.0,829.1594
2022-07-09 06:00:00,829.0,831.0966
2022-07-09 07:00:00,837.0,833.46375
2022-07-09 08:00:00,849.0,838.3984
2022-07-09 09:00:00,850.0,846.87085
2022-07-09 10:00:00,850.0,846.8343
2022-07-09 11:00:00,850.0,846.5526
2022-07-09 12:00:00,849.0,846.40125
2022-07-09 13:00:00,850.0,847.0687
2022-07-09 14:00:00,850.0,848.0765
2022-07-09 15:00:00,850.0,848.3206
2022-07-09 16:00:00,850.0,847.2608
2022-07-09 17:00:00,849.0,844.5662
2022-07-09 18:00:00,850.0,842.2143
2022-07-10 00:00:00,849.0,844.8914
2022-07-10 01:00:00,849.0,847.72003
2022-07-10 02:00:00,850.0,848.1676
2022-07-10 03:00:00,850.0,848.57367
2022-07-10 04:00:00,850.0,848.4755
2022-07-10 05:00:00,849.0,847.6322
2022-07-10 06:00:00,850.0,846.63495
2022-07-10 10:00:00,850.0,847.68536
2022-07-10 11:00:00,850.0,847.7137
2022-07-10 12:00:00,850.0,847.77893
2022-07-10 13:00:00,850.0,847.8433
2022-07-10 14:00:00,850.0,847.83545
2022-07-10 15:00:00,850.0,847.75146
2022-07-10 16:00:00,850.0,847.6466
2022-07-10 17:00:00,850.0,847.64734
2022-07-13 16:00:00,849.0,848.116
2022-07-13 17:00:00,849.0,848.6663
2022-07-13 18:00:00,850.0,847.8418
2022-07-13 19:00:00,850.0,844.4349
2022-07-13 20:00:00,819.0,796.3174
2022-07-13 21:00:00,831.0,826.86475
2022-07-13 22:00:00,850.0,846.2519
2022-07-13 23:00:00,849.0,847.2961
2022-07-14 00:00:00,850.0,847.0476
2022-07-14 01:00:00,850.0,847.35156
2022-07-18 20:00:00,850.0,847.74835
2022-07-18 21:00:00,850.0,848.0613
2022-07-18 22:00:00,850.0,848.67194
2022-07-18 23:00:00,850.0,849.5585
2022-07-19 00:00:00,850.0,849.63873
2022-07-19 01:00:00,837.0,847.3532
2022-07-19 02:00:00,843.0,840.3024
2022-07-19 03:00:00,849.0,841.9133
2022-07-19 04:00:00,850.0,847.7874
2022-07-19 05:00:00,850.0,847.78125
2022-07-19 06:00:00,850.0,847.7679
2022-07-19 07:00:00,850.0,847.7438
2022-07-19 08:00:00,850.0,847.7028
2022-07-19 09:00:00,850.0,847.67816
2022-07-19 10:00:00,850.0,847.66754
2022-07-19 11:00:00,849.0,847.6754
2022-07-19 12:00:00,850.0,847.65533
2022-07-19 13:00:00,850.0,847.5963
2022-07-19 14:00:00,850.0,847.59296
2022-07-19 15:00:00,850.0,847.53815
2022-07-20 17:00:00,850.0,847.74835
2022-07-20 18:00:00,850.0,847.7645
2022-07-20 19:00:00,850.0,847.799
2022-07-20 20:00:00,850.0,847.81793
2022-07-20 21:00:00,849.0,847.79987
2022-07-20 22:00:00,850.0,847.9804
2022-07-20 23:00:00,850.0,848.39966
2022-07-21 00:00:00,850.0,849.214
2022-07-21 01:00:00,849.0,849.4718
2022-07-21 02:00:00,849.0,848.99536
2022-07-21 03:00:00,850.0,847.7682
2022-07-21 04:00:00,850.0,844.784
2022-07-21 05:00:00,850.0,847.84186
2022-07-21 06:00:00,849.0,847.8816
2022-07-21 07:00:00,849.0,847.82513
2022-07-21 08:00:00,850.0,847.78064
2022-07-21 09:00:00,849.0,847.7322
2022-07-21 10:00:00,850.0,847.692
2022-07-21 11:00:00,849.0,847.66266
2022-07-21 12:00:00,849.0,847.65454
2022-07-21 13:00:00,850.0,847.60156
2022-07-21 20:00:00,850.0,847.6924
2022-07-21 21:00:00,850.0,847.77527
2022-07-21 22:00:00,850.0,848.0033
2022-07-21 23:00:00,850.0,848.18774
2022-07-22 00:00:00,850.0,848.14465
2022-07-22 01:00:00,849.0,847.85016
2022-07-22 02:00:00,850.0,847.5065
2022-07-22 03:00:00,850.0,847.7032
2022-07-22 04:00:00,850.0,847.7427
2022-07-22 05:00:00,850.0,847.7383
2022-07-22 06:00:00,850.0,847.7037
2022-07-22 07:00:00,850.0,847.7738
2022-07-22 08:00:00,850.0,847.7953
2022-07-22 09:00:00,850.0,847.77826
2022-07-22 10:00:00,850.0,847.7338
2022-07-22 11:00:00,850.0,847.6862
2022-08-03 19:00:00,850.0,848.0892
2022-08-03 20:00:00,850.0,847.39496
2022-08-03 21:00:00,850.0,848.8674
2022-08-03 22:00:00,850.0,843.33746
2022-08-03 23:00:00,850.0,841.9852
2022-08-04 00:00:00,779.0,780.04
2022-08-04 01:00:00,839.0,839.59143
2022-08-04 02:00:00,849.0,842.53925
2022-08-04 19:00:00,850.0,848.3115
2022-08-04 20:00:00,850.0,849.61053
2022-08-04 21:00:00,850.0,846.18024
2022-08-04 22:00:00,850.0,846.07806
2022-08-04 23:00:00,850.0,845.23444
2022-08-05 00:00:00,740.0,740.6325
2022-08-05 01:00:00,829.0,830.65027
2022-08-05 02:00:00,833.0,834.15686
2022-08-05 03:00:00,843.0,843.5683
2022-08-05 04:00:00,849.0,843.5898
2022-08-05 05:00:00,849.0,843.6377
2022-08-05 06:00:00,849.0,843.6831
2022-08-05 07:00:00,850.0,843.5771
2022-08-05 08:00:00,849.0,843.37933
2022-08-05 09:00:00,850.0,843.1358
2022-08-05 10:00:00,850.0,843.24945
2022-08-05 11:00:00,850.0,842.66925
2022-08-05 12:00:00,850.0,842.6078
2022-08-05 13:00:00,850.0,842.725
2022-08-05 14:00:00,850.0,843.11566
2022-08-06 15:00:00,850.0,851.02905
2022-08-06 16:00:00,850.0,848.5945
2022-08-06 17:00:00,850.0,845.3474
2022-08-06 18:00:00,850.0,844.9429
2022-08-06 19:00:00,643.0,639.37134
2022-08-06 20:00:00,819.0,818.2572
2022-08-06 21:00:00,823.0,823.7601
2022-08-06 22:00:00,831.0,825.0998
2022-08-06 23:00:00,831.0,831.0497
2022-08-07 00:00:00,835.0,835.66095
2022-08-07 01:00:00,847.0,834.53284
2022-08-07 21:00:00,850.0,848.1291
2022-08-07 22:00:00,850.0,848.78
2022-08-07 23:00:00,850.0,846.7747
2022-08-08 00:00:00,850.0,848.1382
2022-08-08 01:00:00,850.0,842.1211
2022-08-08 02:00:00,738.0,743.30304
2022-08-08 03:00:00,829.0,827.6984
2022-08-08 04:00:00,833.0,832.7498
2022-08-08 05:00:00,837.0,834.46387
2022-08-08 06:00:00,839.0,837.44385
2022-08-08 07:00:00,847.0,845.4247
2022-08-08 08:00:00,849.0,849.1103
2022-08-08 09:00:00,849.0,834.0927
2022-08-08 11:00:00,849.0,847.8216
2022-08-08 12:00:00,850.0,847.85297
2022-08-08 13:00:00,850.0,847.9147
2022-08-08 14:00:00,849.0,848.0681
2022-08-08 15:00:00,850.0,847.80853
2022-08-08 16:00:00,850.0,846.72595
2022-08-08 17:00:00,849.0,845.85345
2022-08-09 03:00:00,850.0,845.3282
2022-08-09 04:00:00,850.0,847.0983
2022-08-09 05:00:00,850.0,845.39636
2022-08-09 06:00:00,850.0,845.50446
2022-08-09 07:00:00,850.0,847.13684
2022-08-09 08:00:00,850.0,848.0678
2022-08-09 09:00:00,849.0,848.04285
2022-08-09 10:00:00,850.0,847.9874
2022-08-09 11:00:00,850.0,847.912
2022-08-09 12:00:00,850.0,847.83813
2022-08-09 13:00:00,850.0,847.74475
2022-08-09 14:00:00,850.0,847.73627
2022-08-09 15:00:00,849.0,847.7206
2022-08-09 16:00:00,850.0,847.676
2022-08-09 17:00:00,850.0,848.051
2022-08-09 18:00:00,849.0,848.1464
2022-08-09 19:00:00,849.0,846.99994
2022-08-09 20:00:00,849.0,842.947
2022-08-09 21:00:00,808.0,810.8861
2022-08-09 22:00:00,761.0,759.33374
2022-08-09 23:00:00,839.0,834.06683
2022-08-10 00:00:00,841.0,838.3864
2022-08-10 02:00:00,850.0,847.0507
2022-08-10 03:00:00,850.0,847.0467
2022-08-10 04:00:00,850.0,847.0297
2022-08-10 05:00:00,849.0,846.95874
2022-08-10 06:00:00,850.0,846.76227
2022-08-10 07:00:00,850.0,846.4896
2022-08-10 08:00:00,850.0,846.2089
2022-08-10 09:00:00,850.0,846.1288
2022-08-10 10:00:00,850.0,846.30133
2022-08-10 11:00:00,850.0,846.34375
2022-08-10 12:00:00,850.0,846.67944
2022-08-10 13:00:00,850.0,846.8629
2022-08-10 14:00:00,850.0,847.0215
2022-08-10 15:00:00,849.0,846.9433
2022-08-10 16:00:00,850.0,846.90045
2022-08-10 17:00:00,849.0,847.16486
2022-08-11 18:00:00,850.0,850.3211
2022-08-11 19:00:00,850.0,848.79535
2022-08-11 20:00:00,850.0,849.46344
2022-08-11 21:00:00,850.0,849.91534
2022-08-11 22:00:00,723.0,720.3471
2022-08-11 23:00:00,792.0,792.8539
2022-08-12 00:00:00,829.0,829.3405
2022-08-12 01:00:00,827.0,826.7237
2022-08-12 02:00:00,833.0,830.7517
2022-08-12 03:00:00,837.0,832.8533
2022-08-12 04:00:00,761.0,763.2712
2022-08-12 05:00:00,825.0,824.6636
2022-08-12 06:00:00,825.0,825.2213
2022-08-12 07:00:00,827.0,829.2244
2022-08-12 08:00:00,829.0,832.9496
2022-08-12 09:00:00,831.0,830.9728
2022-08-12 10:00:00,831.0,830.4541
2022-08-12 11:00:00,833.0,831.73926
2022-08-12 12:00:00,833.0,829.2093
2022-08-12 13:00:00,833.0,828.7575
2022-08-12 14:00:00,835.0,828.3092
2022-08-12 15:00:00,837.0,828.6611
2022-08-12 16:00:00,841.0,831.61365
2022-08-12 17:00:00,849.0,834.04517
2022-08-12 18:00:00,847.0,830.9087
2022-08-12 19:00:00,849.0,832.15985
2022-08-16 17:00:00,849.0,847.9193
2022-08-16 18:00:00,849.0,848.29456
2022-08-16 19:00:00,850.0,848.99084
2022-08-16 20:00:00,849.0,849.332
2022-08-16 21:00:00,850.0,849.1552
2022-08-16 22:00:00,850.0,848.3848
2022-08-16 23:00:00,850.0,845.9897
2022-08-17 00:00:00,850.0,847.8065
2022-08-17 01:00:00,849.0,848.44226
2022-08-17 02:00:00,850.0,849.0089
2022-08-17 03:00:00,850.0,849.2252
2022-08-17 04:00:00,850.0,849.21985
2022-08-17 05:00:00,850.0,848.5132
2022-08-17 06:00:00,850.0,848.0363
2022-08-17 07:00:00,850.0,848.0298
2022-08-17 08:00:00,849.0,847.41284
2022-08-17 09:00:00,850.0,842.92145
2022-08-17 10:00:00,833.0,830.525
2022-08-17 11:00:00,829.0,824.7213
2022-08-17 12:00:00,837.0,837.6571
2022-08-17 13:00:00,850.0,838.93335
2022-08-17 14:00:00,850.0,846.7633
2022-08-17 15:00:00,850.0,846.27655
2022-08-17 16:00:00,850.0,847.23083
2022-08-17 17:00:00,850.0,847.3456
2022-08-18 00:00:00,850.0,848.1606
2022-08-18 01:00:00,849.0,847.98065
2022-08-18 02:00:00,850.0,847.5978
2022-08-18 03:00:00,850.0,846.1669
2022-08-18 04:00:00,818.0,814.1789
2022-08-18 05:00:00,806.0,805.5767
2022-08-18 06:00:00,827.0,828.11926
2022-08-18 07:00:00,831.0,831.61224
2022-08-18 08:00:00,843.0,840.24536
2022-08-18 09:00:00,850.0,844.7479
2022-08-18 11:00:00,849.0,845.6452
2022-08-18 12:00:00,850.0,846.09015
2022-08-18 13:00:00,850.0,846.9066
2022-08-22 15:00:00,849.0,848.37177
2022-08-22 16:00:00,850.0,847.74066
2022-08-22 17:00:00,850.0,846.2979
2022-08-22 18:00:00,849.0,846.51465
2022-08-22 19:00:00,849.0,847.6489
2022-08-22 20:00:00,849.0,848.0143
2022-08-22 21:00:00,849.0,847.0918
2022-08-28 17:00:00,850.0,848.07715
2022-08-28 18:00:00,849.0,848.19855
2022-08-28 19:00:00,850.0,845.30896
2022-08-28 20:00:00,850.0,849.92596
2022-08-28 21:00:00,732.0,723.4401
2022-08-28 22:00:00,827.0,829.3415
2022-08-28 23:00:00,833.0,838.5849
2022-09-03 16:00:00,850.0,847.7563
2022-09-03 17:00:00,850.0,847.78845
2022-09-03 18:00:00,850.0,847.8567
2022-09-03 19:00:00,850.0,847.894
2022-09-03 20:00:00,850.0,847.85956
2022-09-03 21:00:00,850.0,847.7732
2022-09-03 22:00:00,850.0,847.6744
2022-09-04 05:00:00,850.0,847.88654
2022-09-04 06:00:00,850.0,848.28284
2022-09-04 07:00:00,850.0,848.79266
2022-09-04 08:00:00,850.0,845.5929
2022-09-04 09:00:00,829.0,834.97156
2022-09-04 10:00:00,769.0,777.223
2022-09-04 11:00:00,827.0,824.33685
2022-09-04 12:00:00,800.0,799.2963
2022-09-04 13:00:00,752.0,750.2686
2022-09-04 14:00:00,825.0,824.51697
2022-09-04 15:00:00,651.0,652.55133
2022-09-04 16:00:00,804.0,804.2174
2022-09-04 17:00:00,825.0,824.41833
2022-09-04 18:00:00,829.0,827.0867
2022-09-04 19:00:00,728.0,728.64795
2022-09-04 20:00:00,790.0,789.14844
2022-09-04 21:00:00,707.0,706.4979
2022-09-04 22:00:00,761.0,760.3447
2022-09-04 23:00:00,794.0,793.66516
2022-09-05 02:00:00,829.0,828.7551
2022-09-05 03:00:00,829.0,828.7279
2022-09-05 04:00:00,831.0,828.6941
2022-09-05 05:00:00,829.0,828.6362
2022-09-05 06:00:00,812.0,828.5689
2022-09-05 07:00:00,806.0,828.79315
2022-09-05 08:00:00,812.0,829.4798
2022-09-05 09:00:00,821.0,829.4698
2022-09-05 10:00:00,802.0,828.90576
2022-09-05 11:00:00,810.0,829.13873
2022-09-05 12:00:00,829.0,830.459
2022-09-05 14:00:00,831.0,838.58984
2022-09-05 15:00:00,833.0,841.7399
2022-09-05 16:00:00,833.0,840.58453
2022-09-05 17:00:00,837.0,838.95795
2022-09-05 18:00:00,829.0,830.83734
2022-09-05 19:00:00,837.0,836.96124
2022-09-05 20:00:00,734.0,729.97327
2022-09-05 21:00:00,818.0,818.9872
2022-09-05 22:00:00,827.0,826.5601
2022-09-05 23:00:00,831.0,829.2089
2022-09-06 00:00:00,825.0,821.5939
2022-09-06 01:00:00,761.0,761.9104
2022-09-06 02:00:00,792.0,792.7803
2022-09-06 03:00:00,825.0,824.72003
2022-09-06 04:00:00,829.0,839.035
2022-09-06 05:00:00,829.0,840.65344
2022-09-06 06:00:00,829.0,840.2368
2022-09-06 07:00:00,829.0,840.6554
2022-09-06 08:00:00,829.0,841.26495
2022-09-06 09:00:00,833.0,841.3454
2022-09-06 10:00:00,831.0,841.2539
2022-09-06 11:00:00,833.0,841.0098
2022-09-06 12:00:00,833.0,840.87164
2022-09-09 00:00:00,850.0,847.87085
2022-09-09 01:00:00,850.0,848.13617
2022-09-09 02:00:00,849.0,848.6581
2022-09-09 03:00:00,850.0,848.9164
2022-09-09 04:00:00,850.0,848.77234
2022-09-09 05:00:00,849.0,848.1594
2022-09-09 06:00:00,850.0,846.7999
2022-09-09 07:00:00,849.0,847.6654
2022-09-10 03:00:00,850.0,848.1359
2022-09-10 04:00:00,849.0,848.2213
2022-09-10 05:00:00,850.0,846.1053
2022-09-10 06:00:00,850.0,845.3763
2022-09-10 07:00:00,829.0,827.5995
2022-09-10 08:00:00,825.0,823.7027
2022-09-10 09:00:00,827.0,824.06036
2022-09-10 10:00:00,827.0,829.8508
2022-09-10 11:00:00,808.0,811.6675
2022-09-10 12:00:00,763.0,762.6727
2022-09-10 13:00:00,804.0,803.9696
2022-09-10 14:00:00,831.0,831.3904
2022-09-10 15:00:00,827.0,824.3205
2022-09-10 16:00:00,825.0,830.9092
2022-09-10 17:00:00,829.0,831.09314
2022-09-10 18:00:00,831.0,835.34204
2022-09-10 19:00:00,833.0,836.5694
2022-09-10 20:00:00,837.0,840.4643
2022-09-10 21:00:00,841.0,840.098
2022-09-10 22:00:00,845.0,839.6009
2022-09-10 23:00:00,849.0,839.72363
2022-09-11 01:00:00,849.0,840.4203
2022-09-11 02:00:00,850.0,840.4499
2022-09-11 03:00:00,850.0,840.45245
2022-09-11 04:00:00,850.0,840.5221
2022-09-11 05:00:00,850.0,840.2317
2022-09-11 06:00:00,849.0,839.2895
2022-09-11 07:00:00,850.0,839.5783
2022-09-11 08:00:00,827.0,832.15625
2022-09-11 09:00:00,829.0,829.07825
2022-09-11 10:00:00,827.0,827.22845
2022-09-11 11:00:00,808.0,807.98584
2022-09-11 12:00:00,829.0,829.41095
2022-09-11 13:00:00,839.0,837.83514
2022-09-11 14:00:00,845.0,846.1078
2022-09-11 15:00:00,845.0,847.0344
2022-09-12 06:00:00,849.0,847.504
2022-09-12 07:00:00,849.0,847.47925
2022-09-12 08:00:00,849.0,847.4055
2022-09-12 09:00:00,850.0,847.3148
2022-09-12 10:00:00,849.0,847.31573
2022-09-12 11:00:00,849.0,847.3021
2022-09-12 12:00:00,849.0,847.47394
2022-09-12 13:00:00,849.0,847.69214
2022-09-12 14:00:00,849.0,847.7187
2022-09-12 15:00:00,849.0,847.7142
2022-09-13 07:00:00,849.0,847.73883
2022-09-13 08:00:00,850.0,847.7647
2022-09-13 09:00:00,849.0,847.8188
2022-09-13 10:00:00,849.0,847.92804
2022-09-13 11:00:00,850.0,848.01013
2022-09-13 12:00:00,850.0,847.9818
2022-09-13 13:00:00,850.0,847.84344
2022-09-13 14:00:00,850.0,847.6601
2022-09-13 15:00:00,850.0,847.7014
2022-09-14 09:00:00,849.0,847.7481
2022-09-14 10:00:00,850.0,847.76184
2022-09-14 11:00:00,849.0,847.7902
2022-09-14 12:00:00,850.0,847.80634
2022-09-14 13:00:00,849.0,847.7911
2022-09-14 14:00:00,850.0,847.7542
2022-09-14 15:00:00,850.0,847.7082
2022-09-16 08:00:00,850.0,847.74835
2022-09-16 09:00:00,849.0,847.7645
2022-09-16 10:00:00,850.0,847.799
2022-09-16 11:00:00,850.0,847.81793
2022-09-16 12:00:00,850.0,847.79987
2022-09-16 13:00:00,849.0,847.7563
2022-09-16 14:00:00,850.0,847.7082
2022-09-18 06:00:00,850.0,847.74835
2022-09-18 07:00:00,849.0,847.7724
2022-09-18 08:00:00,850.0,847.8338
2022-09-18 09:00:00,849.0,847.91223
2022-09-18 10:00:00,850.0,847.97046
2022-09-18 11:00:00,850.0,847.9604
2022-09-18 12:00:00,849.0,847.8588
2022-09-18 13:00:00,850.0,847.7633
2022-09-18 14:00:00,849.0,847.69586
2022-09-18 15:00:00,849.0,847.7163
2022-09-19 06:00:00,850.0,847.7421
2022-09-19 07:00:00,850.0,847.76825
2022-09-19 08:00:00,850.0,847.8277
2022-09-19 09:00:00,849.0,847.90234
2022-09-19 10:00:00,850.0,847.9493
2022-09-19 11:00:00,850.0,847.94244
2022-09-19 12:00:00,849.0,847.8583
2022-09-19 13:00:00,850.0,847.7797
2022-09-19 14:00:00,850.0,847.7182
2022-09-19 15:00:00,849.0,847.7014
2022-09-20 05:00:00,850.0,847.7343
2022-09-20 06:00:00,850.0,847.753
2022-09-20 07:00:00,850.0,847.79803
2022-09-20 08:00:00,850.0,847.89453
2022-09-20 09:00:00,850.0,847.9941
2022-09-20 10:00:00,850.0,848.054
2022-09-20 11:00:00,850.0,848.0296
2022-09-20 12:00:00,850.0,847.89667
2022-09-20 13:00:00,850.0,847.7944
2022-09-20 14:00:00,850.0,847.67957
2022-09-20 15:00:00,850.0,847.6968
2022-09-21 05:00:00,850.0,847.73883
2022-09-21 06:00:00,850.0,847.7744
2022-09-21 07:00:00,850.0,847.8532
2022-09-21 08:00:00,850.0,847.95953
2022-09-21 09:00:00,849.0,848.0208
2022-09-21 10:00:00,850.0,847.9945
2022-09-21 11:00:00,850.0,847.86285
2022-09-21 12:00:00,850.0,847.745
2022-09-21 13:00:00,850.0,847.70874
2022-09-21 14:00:00,850.0,847.6969
2022-09-22 06:00:00,850.0,847.7517
2022-09-22 07:00:00,852.0,847.7995
2022-09-22 08:00:00,850.0,847.90247
2022-09-22 09:00:00,850.0,848.0199
2022-09-22 10:00:00,850.0,848.07184
2022-09-22 11:00:00,850.0,848.02435
2022-09-22 12:00:00,850.0,847.85815
2022-09-22 13:00:00,850.0,847.7562
2022-09-22 14:00:00,850.0,847.7086
2022-09-22 15:00:00,850.0,847.8328
2022-09-22 16:00:00,850.0,848.1182
2022-09-22 17:00:00,849.0,848.6298
2022-09-22 18:00:00,850.0,848.8754
2022-09-22 19:00:00,850.0,848.7133
2022-09-22 20:00:00,850.0,848.0495
2022-09-22 21:00:00,850.0,846.732
2022-09-24 08:00:00,850.0,847.74835
2022-09-24 09:00:00,850.0,847.7724
2022-09-24 10:00:00,850.0,847.82263
2022-09-24 11:00:00,850.0,847.87524
2022-09-24 12:00:00,850.0,847.8768
2022-09-24 13:00:00,850.0,847.8173
2022-09-24 14:00:00,850.0,847.7244
2022-09-24 15:00:00,850.0,847.70593
2022-09-25 08:00:00,850.0,847.9144
2022-09-25 09:00:00,850.0,848.28345
2022-09-25 10:00:00,850.0,848.97375
2022-09-25 11:00:00,850.0,849.2758
2022-09-25 12:00:00,850.0,849.35406
2022-09-25 13:00:00,850.0,849.19556
2022-09-25 14:00:00,850.0,847.3285
2022-09-25 15:00:00,850.0,847.9513
2022-09-25 16:00:00,850.0,847.0225
2022-09-25 17:00:00,850.0,847.4312
2022-09-26 03:00:00,850.0,847.6506
2022-09-26 04:00:00,850.0,847.6779
2022-09-26 05:00:00,850.0,847.7452
2022-09-26 06:00:00,850.0,847.841
2022-09-26 07:00:00,850.0,847.927
2022-09-26 08:00:00,850.0,847.9857
2022-09-26 09:00:00,850.0,847.9894
2022-09-26 10:00:00,850.0,847.98663
2022-09-26 11:00:00,850.0,847.9477
2022-09-26 12:00:00,850.0,847.8732
2022-09-26 13:00:00,850.0,847.73126
2022-09-26 14:00:00,850.0,847.685
2022-09-26 15:00:00,850.0,847.6431
2022-09-26 16:00:00,850.0,847.6756
2022-09-30 20:00:00,852.0,847.76416
2022-09-30 21:00:00,850.0,847.918
2022-09-30 22:00:00,850.0,848.25055
2022-09-30 23:00:00,850.0,848.7012
2022-10-01 00:00:00,850.0,847.9507
2022-10-01 01:00:00,850.0,846.2671
2022-10-01 02:00:00,850.0,841.6048
2022-10-01 03:00:00,850.0,805.493
2022-10-01 04:00:00,825.0,826.55035
2022-10-01 05:00:00,829.0,829.3363
2022-10-01 06:00:00,835.0,833.2161
2022-10-01 07:00:00,837.0,840.78564
2022-10-01 08:00:00,849.0,843.4123
2022-10-01 09:00:00,849.0,847.06177
2022-10-01 10:00:00,850.0,847.309
2022-10-02 07:00:00,850.0,847.6802
2022-10-02 08:00:00,850.0,847.7515
2022-10-02 09:00:00,850.0,847.8002
2022-10-02 10:00:00,850.0,847.883
2022-10-02 11:00:00,850.0,847.94696
2022-10-02 12:00:00,850.0,847.92865
2022-10-02 13:00:00,850.0,847.82715
2022-10-02 14:00:00,850.0,847.6964
2022-10-02 15:00:00,850.0,847.7037
2022-10-05 09:00:00,850.0,847.74835
2022-10-05 10:00:00,850.0,847.7645
2022-10-05 11:00:00,850.0,847.799
2022-10-05 12:00:00,850.0,847.81793
2022-10-05 13:00:00,850.0,847.79987
2022-10-05 14:00:00,850.0,847.7563
2022-10-05 15:00:00,850.0,847.7082
2022-10-06 10:00:00,850.0,847.7486
2022-10-06 11:00:00,850.0,847.76373
2022-10-06 12:00:00,850.0,847.79645
2022-10-06 13:00:00,850.0,847.8148
2022-10-06 14:00:00,850.0,847.79785
2022-10-06 15:00:00,850.0,847.7563
2022-10-06 16:00:00,850.0,847.7082
2022-10-07 06:00:00,850.0,847.7493
2022-10-07 07:00:00,850.0,847.78406
2022-10-07 08:00:00,850.0,847.86346
2022-10-07 09:00:00,850.0,847.96497
2022-10-07 10:00:00,850.0,848.0277
2022-10-07 11:00:00,850.0,848.0171
2022-10-07 12:00:00,850.0,847.9244
2022-10-07 13:00:00,850.0,847.8406
2022-10-07 14:00:00,850.0,847.77606
2022-10-07 15:00:00,850.0,847.712
2022-10-07 16:00:00,850.0,847.6968
2022-10-10 06:00:00,850.0,847.74835
2022-10-10 07:00:00,850.0,847.7724
2022-10-10 08:00:00,850.0,847.83026
2022-10-10 09:00:00,850.0,847.9051
2022-10-10 10:00:00,850.0,847.9614
2022-10-10 11:00:00,850.0,847.97253
2022-10-10 12:00:00,850.0,847.92346
2022-10-10 13:00:00,850.0,847.864
2022-10-10 14:00:00,850.0,847.7821
2022-10-10 15:00:00,850.0,847.7168
2022-10-10 16:00:00,850.0,847.6991
2022-10-11 08:00:00,850.0,847.7433
2022-10-11 09:00:00,850.0,847.7586
2022-10-11 10:00:00,850.0,847.79974
2022-10-11 11:00:00,850.0,847.8333
2022-10-11 12:00:00,850.0,847.8493
2022-10-11 13:00:00,850.0,847.8269
2022-10-11 14:00:00,850.0,847.7641
2022-10-11 15:00:00,850.0,847.7521
2022-10-11 16:00:00,850.0,847.70593
2022-10-12 07:00:00,850.0,847.8641
2022-10-12 08:00:00,850.0,848.12573
2022-10-12 09:00:00,850.0,848.69037
2022-10-12 10:00:00,850.0,849.0142
2022-10-12 11:00:00,850.0,849.3642
2022-10-12 12:00:00,850.0,849.5452
2022-10-12 13:00:00,850.0,848.6221
2022-10-12 14:00:00,850.0,848.3327
2022-10-12 15:00:00,850.0,846.4087
2022-10-12 16:00:00,850.0,847.6214
2022-10-12 17:00:00,850.0,847.4364
2022-10-15 09:00:00,850.0,847.74835
2022-10-15 10:00:00,850.0,847.7724
2022-10-15 11:00:00,850.0,847.82263
2022-10-15 12:00:00,850.0,847.87524
2022-10-15 13:00:00,850.0,847.8768
2022-10-15 14:00:00,850.0,847.8173
2022-10-15 15:00:00,850.0,847.7244
2022-10-15 16:00:00,850.0,847.70593
2022-10-16 10:00:00,850.0,847.7479
2022-10-16 11:00:00,850.0,847.7639
2022-10-16 12:00:00,850.0,847.7956
2022-10-16 13:00:00,850.0,847.8124
2022-10-16 14:00:00,850.0,847.7948
2022-10-16 15:00:00,850.0,847.7542
2022-10-16 16:00:00,850.0,847.7082
2022-10-20 09:00:00,850.0,847.74835
2022-10-20 10:00:00,850.0,847.7645
2022-10-20 11:00:00,850.0,847.80676
2022-10-20 12:00:00,850.0,847.8411
2022-10-20 13:00:00,850.0,847.8574
2022-10-20 14:00:00,850.0,847.83466
2022-10-20 15:00:00,850.0,847.76953
2022-10-20 16:00:00,850.0,847.7542
2022-10-20 17:00:00,850.0,847.70593
2022-10-23 10:00:00,850.0,847.74835
2022-10-23 11:00:00,850.0,847.7645
2022-10-23 12:00:00,850.0,847.799
2022-10-23 13:00:00,850.0,847.81793
2022-10-23 14:00:00,850.0,847.79987
2022-10-23 15:00:00,850.0,847.7563
2022-10-23 16:00:00,850.0,847.7082
2022-10-24 08:00:00,850.0,847.7437
2022-10-24 09:00:00,850.0,847.757
2022-10-24 10:00:00,850.0,847.794
2022-10-24 11:00:00,850.0,847.8349
2022-10-24 12:00:00,850.0,847.8631
2022-10-24 13:00:00,849.0,847.8473
2022-10-24 14:00:00,850.0,847.78326
2022-10-24 15:00:00,850.0,847.74164
2022-10-24 16:00:00,850.0,847.70593
2022-10-25 09:00:00,850.0,847.74646
2022-10-25 10:00:00,850.0,847.7713
2022-10-25 11:00:00,850.0,847.8209
2022-10-25 12:00:00,850.0,847.8719
2022-10-25 13:00:00,850.0,847.8722
2022-10-25 14:00:00,850.0,847.8134
2022-10-25 15:00:00,850.0,847.7222
2022-10-25 16:00:00,850.0,847.70593
2022-10-26 01:00:00,850.0,847.79114
2022-10-26 02:00:00,850.0,848.1551
2022-10-26 03:00:00,850.0,848.7352
2022-10-26 04:00:00,850.0,849.18823
2022-10-26 05:00:00,850.0,848.71356
2022-10-26 06:00:00,850.0,846.01654
2022-10-26 07:00:00,819.0,831.89825
2022-10-26 08:00:00,841.0,833.0819
2022-10-26 09:00:00,852.0,844.4121
2022-10-26 10:00:00,850.0,847.3141
2022-10-26 11:00:00,850.0,845.70917
2022-10-30 17:00:00,850.0,847.9414
2022-10-30 18:00:00,850.0,848.34314
2022-10-30 19:00:00,850.0,849.07965
2022-10-30 20:00:00,850.0,849.28735
2022-10-30 21:00:00,849.0,848.96796
2022-10-30 22:00:00,850.0,849.005
2022-10-30 23:00:00,850.0,848.659
2022-10-31 00:00:00,850.0,849.13904
2022-10-31 01:00:00,850.0,849.4826
2022-10-31 02:00:00,850.0,848.8394
2022-10-31 03:00:00,835.0,847.9167
2022-10-31 04:00:00,837.0,847.2686
2022-10-31 05:00:00,839.0,847.2223
2022-10-31 06:00:00,839.0,844.0264
2022-10-31 07:00:00,850.0,837.7566
2022-10-31 08:00:00,818.0,817.0494
2022-10-31 09:00:00,827.0,791.5053
2022-10-31 10:00:00,810.0,822.9877
2022-10-31 11:00:00,829.0,814.1924
2022-10-31 12:00:00,825.0,801.69965
2022-10-31 13:00:00,821.0,837.80206
2022-10-31 14:00:00,785.0,828.28125
2022-10-31 15:00:00,816.0,800.9547
2022-10-31 16:00:00,827.0,824.12024
2022-10-31 17:00:00,833.0,820.949
2022-10-31 18:00:00,837.0,832.23865
2022-10-31 19:00:00,843.0,838.68005
2022-11-03 06:00:00,850.0,847.74835
2022-11-03 07:00:00,850.0,847.7802
2022-11-03 08:00:00,850.0,847.84906
2022-11-03 09:00:00,850.0,847.9448
2022-11-03 10:00:00,850.0,847.9937
2022-11-03 11:00:00,850.0,847.96454
2022-11-03 12:00:00,850.0,847.8736
2022-11-03 13:00:00,850.0,847.7967
2022-11-03 14:00:00,850.0,847.79114
2022-11-03 15:00:00,850.0,847.7297
2022-11-03 16:00:00,850.0,847.6991
2022-11-04 05:00:00,850.0,847.7391
2022-11-04 06:00:00,850.0,847.77216
2022-11-04 07:00:00,850.0,847.84845
2022-11-04 08:00:00,850.0,847.95746
2022-11-04 09:00:00,850.0,848.02954
2022-11-04 10:00:00,850.0,848.0292
2022-11-04 11:00:00,850.0,847.95355
2022-11-04 12:00:00,850.0,847.8823
2022-11-04 13:00:00,850.0,847.8534
2022-11-04 14:00:00,850.0,847.77216
2022-11-04 15:00:00,850.0,847.70935
2022-11-04 16:00:00,850.0,847.69446
2022-11-05 07:00:00,850.0,847.9689
2022-11-05 08:00:00,850.0,848.4699
2022-11-05 09:00:00,850.0,849.2218
2022-11-05 10:00:00,850.0,849.4675
2022-11-05 11:00:00,850.0,849.39923
2022-11-05 12:00:00,825.0,833.0234
2022-11-05 13:00:00,827.0,837.7864
2022-11-05 14:00:00,847.0,841.66437
2022-11-05 15:00:00,850.0,847.5905
2022-11-05 16:00:00,849.0,847.53107
2022-11-05 17:00:00,850.0,847.41583
2022-11-05 20:00:00,850.0,847.8098
2022-11-05 21:00:00,850.0,848.1987
2022-11-05 22:00:00,850.0,848.8985
2022-11-05 23:00:00,850.0,849.2672
2022-11-06 00:00:00,850.0,849.1867
2022-11-06 01:00:00,850.0,847.38574
2022-11-06 02:00:00,849.0,844.1485
2022-11-06 03:00:00,850.0,848.07355
2022-11-06 04:00:00,850.0,848.7728
2022-11-06 05:00:00,850.0,848.6155
2022-11-06 06:00:00,850.0,848.51526
2022-11-06 07:00:00,850.0,845.40515
2022-11-06 08:00:00,829.0,843.4255
2022-11-06 09:00:00,829.0,847.62787
2022-11-06 10:00:00,843.0,846.88367
2022-11-06 11:00:00,831.0,843.4395
2022-11-06 12:00:00,839.0,846.8397
2022-11-06 13:00:00,850.0,847.2291
2022-11-06 14:00:00,850.0,847.31976
2022-11-06 15:00:00,850.0,847.3512
2022-11-07 08:00:00,850.0,847.6234
2022-11-07 09:00:00,850.0,847.6861
2022-11-07 10:00:00,850.0,847.78876
2022-11-07 11:00:00,850.0,847.8813
2022-11-07 12:00:00,850.0,847.85236
2022-11-07 13:00:00,850.0,847.76764
2022-11-07 14:00:00,850.0,847.6721
2022-11-07 16:00:00,850.0,848.07184
2022-11-07 17:00:00,850.0,849.0628
2022-11-07 18:00:00,850.0,846.61584
2022-11-07 19:00:00,850.0,850.453
2022-11-07 20:00:00,850.0,856.55994
2022-11-07 21:00:00,850.0,758.7629
2022-11-07 22:00:00,734.0,829.4188
2022-11-07 23:00:00,823.0,836.32056
2022-11-08 00:00:00,823.0,843.4816
2022-11-08 01:00:00,823.0,843.16003
2022-11-08 02:00:00,837.0,843.1221
2022-11-08 03:00:00,850.0,843.0717
2022-11-08 04:00:00,850.0,843.06464
2022-11-08 05:00:00,850.0,843.0749
2022-11-08 06:00:00,850.0,843.2299
2022-11-08 07:00:00,850.0,843.23987
2022-11-08 08:00:00,850.0,843.3739
2022-11-08 09:00:00,850.0,843.52075
2022-11-08 10:00:00,850.0,843.3616
2022-11-08 11:00:00,850.0,843.56506
2022-11-08 12:00:00,850.0,843.54456
2022-11-10 13:00:00,849.0,847.7872
2022-11-10 14:00:00,850.0,848.1588
2022-11-10 15:00:00,850.0,847.8439
2022-11-10 16:00:00,849.0,845.37195
2022-11-10 17:00:00,849.0,850.96045
2022-11-10 18:00:00,850.0,822.24304
2022-11-10 19:00:00,814.0,816.54846
2022-11-10 20:00:00,816.0,816.96515
2022-11-10 21:00:00,818.0,822.859
2022-11-10 22:00:00,839.0,803.30133
2022-11-10 23:00:00,825.0,825.1964
2022-11-11 00:00:00,814.0,827.79926
2022-11-11 01:00:00,831.0,821.97833
2022-11-11 02:00:00,843.0,835.22723
2022-11-11 03:00:00,825.0,832.6963
2022-11-11 04:00:00,819.0,828.48267
2022-11-11 05:00:00,825.0,843.4364
2022-11-11 06:00:00,839.0,836.7209
2022-11-11 07:00:00,831.0,833.8226
2022-11-11 08:00:00,833.0,833.4685
2022-11-11 09:00:00,833.0,810.2749
2022-11-11 10:00:00,814.0,803.7062
2022-11-11 11:00:00,831.0,796.26184
2022-11-11 12:00:00,812.0,820.10785
2022-11-11 13:00:00,785.0,718.06464
2022-11-11 14:00:00,726.0,709.6433
2022-11-11 15:00:00,785.0,735.2596
2022-11-11 16:00:00,769.0,796.0861
2022-11-11 17:00:00,814.0,797.2843
2022-11-11 18:00:00,818.0,798.62463
2022-11-11 19:00:00,819.0,805.7752
2022-11-11 20:00:00,821.0,823.3014
2022-11-11 21:00:00,829.0,821.78973
2022-11-11 22:00:00,831.0,827.1258
2022-11-11 23:00:00,829.0,829.7477
2022-11-12 00:00:00,831.0,830.2752
2022-11-12 01:00:00,829.0,830.8168
2022-11-12 02:00:00,835.0,830.87
2022-11-12 03:00:00,839.0,831.09576
2022-11-12 04:00:00,843.0,831.26465
2022-11-12 05:00:00,843.0,831.01447
2022-11-12 06:00:00,849.0,830.6743
2022-11-12 07:00:00,850.0,830.54004
2022-11-12 08:00:00,850.0,830.4531
2022-11-12 09:00:00,850.0,830.39954
2022-11-12 10:00:00,850.0,831.7026
2022-11-12 11:00:00,850.0,834.2603
2022-11-12 12:00:00,850.0,834.2245
2022-11-12 13:00:00,850.0,835.4506
2022-11-12 14:00:00,850.0,839.0928
2022-11-12 15:00:00,850.0,844.07275
2022-11-12 16:00:00,850.0,845.75446
2022-11-15 06:00:00,850.0,847.80804
2022-11-15 07:00:00,849.0,847.9647
2022-11-15 08:00:00,850.0,848.28357
2022-11-15 09:00:00,850.0,848.5576
2022-11-15 10:00:00,850.0,848.0056
2022-11-15 11:00:00,850.0,846.92
2022-11-15 12:00:00,850.0,841.06085
2022-11-15 13:00:00,850.0,828.22736
2022-11-15 14:00:00,850.0,792.9377
2022-11-15 15:00:00,819.0,803.1146
2022-11-15 16:00:00,827.0,812.3454
2022-11-15 17:00:00,819.0,807.35126
2022-11-15 18:00:00,825.0,825.9685
2022-11-15 19:00:00,825.0,829.04254
2022-11-15 20:00:00,810.0,773.5076
2022-11-15 21:00:00,827.0,832.93524
2022-11-15 22:00:00,831.0,820.82007
2022-11-15 23:00:00,829.0,825.0814
2022-11-16 00:00:00,829.0,835.9271
2022-11-16 01:00:00,833.0,836.7693
2022-11-16 02:00:00,837.0,844.5419
2022-11-16 03:00:00,837.0,844.2317
2022-11-16 04:00:00,839.0,844.09766
2022-11-16 05:00:00,841.0,844.7558
2022-11-16 06:00:00,843.0,844.85126
2022-11-16 07:00:00,843.0,844.75323
2022-11-16 08:00:00,845.0,844.24524
2022-11-16 09:00:00,843.0,843.405
2022-11-16 10:00:00,849.0,843.09204
2022-11-16 11:00:00,849.0,842.52454
2022-11-16 12:00:00,850.0,841.43805
2022-11-16 13:00:00,850.0,840.6264
2022-11-18 13:00:00,852.0,847.7563
2022-11-18 14:00:00,850.0,847.78845
2022-11-18 15:00:00,850.0,847.8567
2022-11-18 16:00:00,850.0,847.894
2022-11-18 17:00:00,850.0,847.85956
2022-11-18 18:00:00,850.0,847.7732
2022-11-18 19:00:00,850.0,847.6744
