datetime,level,forecast
2022-03-07 18:00:00,850.0,850.076
2022-03-07 19:00:00,850.0,849.78784
2022-03-07 20:00:00,850.0,847.3939
2022-03-07 21:00:00,850.0,847.5427
2022-03-07 22:00:00,850.0,842.19855
2022-03-07 23:00:00,808.0,808.5847
2022-03-08 00:00:00,783.0,790.09296
2022-03-08 01:00:00,843.0,834.94635
2022-03-08 02:00:00,850.0,845.8887
2022-03-08 03:00:00,850.0,845.54565
2022-03-08 04:00:00,850.0,846.76337
2022-03-08 05:00:00,852.0,846.7523
2022-03-08 06:00:00,850.0,846.7519
2022-03-08 07:00:00,850.0,846.7591
2022-03-08 08:00:00,850.0,846.751
2022-03-08 09:00:00,850.0,846.8035
2022-03-08 10:00:00,850.0,846.96375
2022-03-08 11:00:00,850.0,847.15454
2022-03-08 12:00:00,850.0,847.037
2022-03-08 13:00:00,850.0,846.96576
2022-03-08 15:00:00,852.0,847.2244
2022-03-08 16:00:00,850.0,848.2308
2022-03-08 17:00:00,850.0,846.63605
2022-03-08 18:00:00,850.0,847.9147
2022-03-08 19:00:00,850.0,850.72943
2022-03-08 20:00:00,850.0,836.5342
2022-03-08 21:00:00,806.0,824.7266
2022-03-08 22:00:00,825.0,828.14667
2022-03-08 23:00:00,816.0,801.98145
2022-03-09 00:00:00,792.0,789.17017
2022-03-09 01:00:00,771.0,769.184
2022-03-09 02:00:00,800.0,802.55707
2022-03-09 03:00:00,790.0,809.5051
2022-03-09 04:00:00,798.0,795.67163
2022-03-09 05:00:00,816.0,832.0586
2022-03-09 06:00:00,829.0,834.4757
2022-03-09 07:00:00,827.0,839.7746
2022-03-09 08:00:00,831.0,845.3991
2022-03-09 09:00:00,833.0,842.4284
2022-03-09 10:00:00,833.0,826.2112
2022-03-09 11:00:00,825.0,808.9428
2022-03-09 12:00:00,785.0,779.63617
2022-03-09 13:00:00,767.0,765.11273
2022-03-09 14:00:00,773.0,779.14075
2022-03-09 15:00:00,808.0,834.028
2022-03-09 16:00:00,827.0,842.4708
2022-03-10 13:00:00,837.0,847.26953
2022-03-10 14:00:00,839.0,847.20526
2022-03-10 15:00:00,843.0,847.2251
2022-03-10 16:00:00,845.0,847.1865
2022-03-10 17:00:00,849.0,846.9038
2022-03-10 18:00:00,849.0,846.1749
2022-03-10 19:00:00,849.0,845.7565
2022-03-12 00:00:00,849.0,847.3467
2022-03-12 01:00:00,849.0,847.24884
2022-03-12 02:00:00,849.0,849.3973
2022-03-12 03:00:00,849.0,850.12354
2022-03-12 04:00:00,849.0,849.1693
2022-03-12 05:00:00,849.0,842.91565
2022-03-12 06:00:00,773.0,773.34674
2022-03-12 07:00:00,781.0,776.2662
2022-03-12 08:00:00,734.0,733.9809
2022-03-12 09:00:00,759.0,757.8572
2022-03-12 10:00:00,783.0,781.2295
2022-03-12 11:00:00,808.0,831.2748
2022-03-12 12:00:00,823.0,835.01404
2022-03-16 04:00:00,849.0,847.62854
2022-03-16 05:00:00,849.0,847.3096
2022-03-16 06:00:00,849.0,845.8523
2022-03-16 07:00:00,850.0,849.8908
2022-03-16 08:00:00,829.0,840.4116
2022-03-16 09:00:00,819.0,811.36456
2022-03-16 10:00:00,818.0,812.94727
2022-03-16 11:00:00,825.0,828.58594
2022-03-16 12:00:00,812.0,806.93896
2022-03-16 13:00:00,732.0,738.194
2022-03-16 14:00:00,759.0,756.65173
2022-03-16 15:00:00,752.0,749.19165
2022-03-16 16:00:00,779.0,776.5871
2022-03-16 17:00:00,810.0,829.6616
2022-03-16 18:00:00,821.0,833.01
2022-03-16 19:00:00,829.0,838.9891
2022-03-16 20:00:00,827.0,844.33685
2022-03-16 21:00:00,829.0,843.77936
2022-03-17 06:00:00,839.0,847.2095
2022-03-17 07:00:00,839.0,847.23987
2022-03-17 08:00:00,839.0,847.2385
2022-03-17 09:00:00,839.0,847.2393
2022-03-17 10:00:00,839.0,847.1844
2022-03-17 11:00:00,839.0,846.94354
2022-03-17 12:00:00,839.0,846.337
2022-03-17 13:00:00,839.0,845.8103
2022-03-17 14:00:00,839.0,846.1058
2022-03-17 15:00:00,839.0,846.4436
2022-03-17 16:00:00,839.0,846.69086
2022-03-17 17:00:00,839.0,846.7637
2022-03-17 18:00:00,839.0,847.08417
2022-03-18 10:00:00,839.0,847.2263
2022-03-18 11:00:00,839.0,847.2239
2022-03-18 12:00:00,839.0,847.2117
2022-03-18 13:00:00,839.0,847.2045
2022-03-18 14:00:00,839.0,848.2031
2022-03-18 15:00:00,839.0,845.57324
2022-03-18 16:00:00,839.0,844.36975
2022-03-18 17:00:00,841.0,841.8833
2022-03-18 18:00:00,819.0,826.366
2022-03-18 19:00:00,812.0,813.70685
2022-03-18 20:00:00,804.0,817.3054
2022-03-18 21:00:00,818.0,831.5792
2022-03-18 22:00:00,829.0,835.1501
2022-03-19 00:00:00,833.0,847.2244
2022-03-19 01:00:00,837.0,847.29364
2022-03-19 02:00:00,837.0,847.2257
2022-03-19 03:00:00,837.0,847.28174
2022-03-19 04:00:00,837.0,847.15906
2022-03-19 05:00:00,837.0,846.60254
2022-03-19 06:00:00,837.0,845.3461
2022-03-19 07:00:00,837.0,844.8293
2022-03-19 08:00:00,837.0,845.6541
2022-03-19 09:00:00,833.0,843.83875
2022-03-19 10:00:00,833.0,842.44434
2022-03-19 11:00:00,833.0,842.29236
2022-03-19 12:00:00,837.0,844.796
2022-03-19 13:00:00,839.0,846.5459
2022-03-19 14:00:00,843.0,846.67993
2022-03-19 15:00:00,843.0,846.96576
2022-03-23 06:00:00,852.0,848.0643
2022-03-23 07:00:00,850.0,846.94257
2022-03-23 08:00:00,852.0,845.7714
2022-03-23 09:00:00,850.0,843.4698
2022-03-23 10:00:00,829.0,834.2771
2022-03-23 11:00:00,808.0,814.52783
2022-03-23 12:00:00,790.0,798.6347
2022-03-23 13:00:00,742.0,744.4553
2022-03-23 14:00:00,812.0,804.8423
2022-03-23 15:00:00,800.0,806.32184
2022-03-23 16:00:00,825.0,819.47296
2022-03-23 17:00:00,732.0,732.3779
2022-03-23 18:00:00,796.0,777.8766
2022-03-23 19:00:00,829.0,834.90466
2022-04-13 12:00:00,850.0,847.26953
2022-04-13 13:00:00,850.0,847.20526
2022-04-13 14:00:00,850.0,847.2251
2022-04-13 15:00:00,850.0,847.1865
2022-04-13 16:00:00,852.0,846.9038
2022-04-13 17:00:00,850.0,846.1749
2022-04-13 18:00:00,850.0,845.7565
2022-04-16 06:00:00,852.0,847.4908
2022-04-16 07:00:00,850.0,847.45337
2022-04-16 08:00:00,852.0,845.4922
2022-04-16 09:00:00,852.0,848.0914
2022-04-16 10:00:00,850.0,841.2003
2022-04-16 11:00:00,808.0,814.7468
2022-04-16 12:00:00,812.0,818.21533
2022-04-16 13:00:00,827.0,826.9155
2022-04-16 14:00:00,839.0,834.35504
2022-04-16 15:00:00,845.0,845.5105
2022-04-17 04:00:00,850.0,847.25824
2022-04-17 05:00:00,850.0,847.21606
2022-04-17 06:00:00,850.0,847.2331
2022-04-17 07:00:00,850.0,847.20465
2022-04-17 08:00:00,850.0,846.9671
2022-04-17 09:00:00,850.0,846.3004
2022-04-17 10:00:00,850.0,845.78064
2022-04-17 11:00:00,850.0,846.74805
2022-04-17 12:00:00,850.0,846.7505
2022-04-17 13:00:00,850.0,846.7995
2022-04-17 14:00:00,850.0,846.96576
2022-04-17 23:00:00,850.0,847.34894
2022-04-18 00:00:00,850.0,846.9104
2022-04-18 01:00:00,850.0,844.86053
2022-04-18 02:00:00,850.0,842.6986
2022-04-18 03:00:00,850.0,843.4544
2022-04-18 04:00:00,790.0,811.8102
2022-04-18 05:00:00,816.0,810.3205
2022-04-18 06:00:00,806.0,806.3888
2022-04-18 07:00:00,678.0,677.2144
2022-04-18 08:00:00,781.0,780.2722
2022-04-18 09:00:00,777.0,778.55536
2022-04-18 10:00:00,796.0,800.44604
2022-04-18 11:00:00,790.0,788.9841
2022-04-18 12:00:00,657.0,660.1982
2022-04-18 13:00:00,750.0,753.3038
2022-04-18 14:00:00,806.0,820.16925
2022-04-18 15:00:00,823.0,834.0993
2022-04-23 07:00:00,850.0,847.2244
2022-04-23 08:00:00,850.0,847.21436
2022-04-23 09:00:00,850.0,847.2218
2022-04-23 10:00:00,850.0,847.20215
2022-04-23 11:00:00,850.0,847.10754
2022-04-23 12:00:00,850.0,846.8176
2022-04-23 13:00:00,850.0,846.5103
2022-04-23 14:00:00,850.0,846.7995
2022-04-23 15:00:00,850.0,846.96576
2022-04-24 08:00:00,850.0,847.2132
2022-04-24 09:00:00,850.0,847.2026
2022-04-24 10:00:00,850.0,847.2061
2022-04-24 11:00:00,850.0,847.2
2022-04-24 12:00:00,850.0,847.15454
2022-04-24 13:00:00,850.0,847.037
2022-04-24 14:00:00,850.0,846.96576
2022-04-25 07:00:00,850.0,847.2132
2022-04-25 08:00:00,850.0,847.22504
2022-04-25 09:00:00,850.0,847.2184
2022-04-25 10:00:00,850.0,847.20844
2022-04-25 11:00:00,850.0,847.1537
2022-04-25 12:00:00,850.0,846.93677
2022-04-25 13:00:00,852.0,846.58093
2022-04-25 14:00:00,850.0,846.55994
2022-04-25 15:00:00,850.0,846.96576
2022-04-26 07:00:00,850.0,847.2132
2022-04-26 08:00:00,850.0,847.2138
2022-04-26 09:00:00,850.0,847.21783
2022-04-26 10:00:00,850.0,847.2045
2022-04-26 11:00:00,850.0,847.15625
2022-04-26 12:00:00,850.0,847.1245
2022-04-26 13:00:00,850.0,847.7582
2022-04-26 14:00:00,850.0,847.2969
2022-04-26 15:00:00,850.0,847.31824
2022-04-26 16:00:00,850.0,843.74915
2022-04-26 17:00:00,814.0,825.8717
2022-04-26 18:00:00,843.0,828.26874
2022-04-26 19:00:00,850.0,834.19653
2022-05-04 05:00:00,850.0,847.2244
2022-05-04 06:00:00,850.0,847.2482
2022-05-04 07:00:00,850.0,847.21216
2022-05-04 08:00:00,850.0,847.21295
2022-05-04 09:00:00,850.0,847.09503
2022-05-04 10:00:00,850.0,846.6673
2022-05-04 11:00:00,850.0,846.0434
2022-05-04 12:00:00,850.0,846.245
2022-05-05 07:00:00,850.0,847.2132
2022-05-05 08:00:00,850.0,847.2138
2022-05-05 09:00:00,850.0,847.2066
2022-05-05 10:00:00,850.0,847.20404
2022-05-05 11:00:00,850.0,847.15234
2022-05-05 12:00:00,850.0,846.98865
2022-05-05 13:00:00,850.0,846.7995
2022-05-05 14:00:00,850.0,846.96576
2022-05-06 03:00:00,850.0,847.36035
2022-05-06 04:00:00,850.0,847.2568
2022-05-06 05:00:00,850.0,847.274
2022-05-06 06:00:00,850.0,847.16864
2022-05-06 07:00:00,850.0,846.43317
2022-05-06 08:00:00,850.0,844.4144
2022-05-06 09:00:00,850.0,842.96216
2022-05-06 10:00:00,850.0,845.88324
2022-05-06 11:00:00,850.0,846.5979
2022-05-06 12:00:00,850.0,846.94556
2022-05-06 13:00:00,852.0,846.9558
2022-05-06 14:00:00,850.0,846.91766
2022-05-06 15:00:00,850.0,847.037
2022-05-06 16:00:00,850.0,846.96576
2022-05-13 03:00:00,850.0,847.3547
2022-05-13 04:00:00,850.0,847.37
2022-05-13 05:00:00,850.0,847.36536
2022-05-13 06:00:00,850.0,847.26495
2022-05-13 07:00:00,850.0,846.43866
2022-05-13 08:00:00,847.0,843.7537
2022-05-13 09:00:00,850.0,840.6859
2022-05-13 10:00:00,850.0,841.64136
2022-05-13 11:00:00,850.0,843.2042
2022-05-13 12:00:00,850.0,844.141
2022-05-13 13:00:00,850.0,844.8994
2022-05-13 14:00:00,850.0,845.60785
2022-05-13 15:00:00,850.0,846.2082
2022-05-13 16:00:00,850.0,846.7637
2022-05-13 17:00:00,850.0,847.08417
2022-05-13 18:00:00,850.0,847.30347
2022-05-13 19:00:00,850.0,847.3527
2022-05-13 20:00:00,850.0,847.3883
2022-05-13 21:00:00,850.0,847.36475
2022-05-13 22:00:00,850.0,846.67975
2022-05-13 23:00:00,850.0,844.7176
2022-05-14 00:00:00,850.0,841.6449
2022-05-14 01:00:00,850.0,840.8621
2022-05-14 02:00:00,850.0,841.6246
2022-05-14 03:00:00,850.0,843.8723
2022-05-14 04:00:00,850.0,847.21783
2022-05-14 05:00:00,850.0,847.2157
2022-05-14 06:00:00,850.0,847.1677
2022-05-14 07:00:00,850.0,847.00146
2022-05-14 08:00:00,850.0,846.76337
2022-05-14 09:00:00,852.0,846.76337
2022-05-14 10:00:00,850.0,846.7523
2022-05-14 11:00:00,850.0,846.7519
2022-05-14 12:00:00,850.0,846.74805
2022-05-14 13:00:00,850.0,846.7505
2022-05-14 14:00:00,850.0,846.7995
2022-05-14 15:00:00,850.0,846.96576
2022-05-14 17:00:00,850.0,847.2132
2022-05-14 18:00:00,850.0,847.2138
2022-05-14 19:00:00,850.0,847.2066
2022-05-14 20:00:00,850.0,847.20404
2022-05-14 21:00:00,850.0,847.15234
2022-05-14 22:00:00,850.0,846.98865
2022-05-14 23:00:00,850.0,846.7995
2022-05-15 00:00:00,850.0,846.96576
2022-05-20 08:00:00,850.0,847.2132
2022-05-20 09:00:00,850.0,847.2138
2022-05-20 10:00:00,850.0,847.2066
2022-05-20 11:00:00,850.0,847.20404
2022-05-20 12:00:00,850.0,847.15234
2022-05-20 13:00:00,850.0,846.98865
2022-05-20 14:00:00,850.0,846.7995
2022-05-20 15:00:00,850.0,846.96576
2022-05-22 06:00:00,850.0,847.2357
2022-05-22 07:00:00,850.0,847.2036
2022-05-22 08:00:00,850.0,847.22516
2022-05-22 09:00:00,850.0,847.19574
2022-05-22 10:00:00,850.0,847.0607
2022-05-22 11:00:00,850.0,846.69684
2022-05-22 12:00:00,850.0,846.43774
2022-05-22 13:00:00,850.0,847.037
2022-05-22 14:00:00,850.0,846.96576
2022-05-23 00:00:00,850.0,848.34247
2022-05-23 01:00:00,850.0,847.78076
2022-05-23 02:00:00,850.0,847.9606
2022-05-23 03:00:00,850.0,843.1364
2022-05-23 04:00:00,787.0,808.47394
2022-05-23 05:00:00,825.0,824.39154
2022-05-23 06:00:00,850.0,834.17236
2022-05-23 07:00:00,850.0,846.91766
2022-05-23 08:00:00,850.0,847.037
2022-05-23 09:00:00,850.0,846.96576
2022-05-23 10:00:00,850.0,848.21674
2022-05-23 11:00:00,850.0,848.212
2022-05-23 12:00:00,850.0,845.9767
2022-05-23 13:00:00,850.0,842.41583
2022-05-23 14:00:00,825.0,823.22485
2022-05-23 15:00:00,765.0,761.39343
2022-05-23 16:00:00,818.0,815.0043
2022-05-23 17:00:00,810.0,805.6428
2022-05-23 18:00:00,823.0,814.16125
2022-05-23 19:00:00,833.0,836.2463
2022-05-23 20:00:00,845.0,839.6011
2022-05-23 21:00:00,800.0,808.08984
2022-05-23 22:00:00,835.0,827.3747
2022-05-23 23:00:00,849.0,835.1003
2022-05-24 22:00:00,850.0,846.3724
2022-05-24 23:00:00,850.0,850.5928
2022-05-25 00:00:00,850.0,848.53436
2022-05-25 01:00:00,850.0,845.8701
2022-05-25 02:00:00,761.0,760.9955
2022-05-25 03:00:00,730.0,740.38995
2022-05-25 04:00:00,829.0,807.2178
2022-05-25 05:00:00,701.0,710.5287
2022-05-25 06:00:00,816.0,817.36334
2022-05-25 07:00:00,816.0,815.2604
2022-05-25 08:00:00,823.0,833.99884
2022-05-25 09:00:00,827.0,842.6814
2022-05-25 10:00:00,827.0,846.43945
2022-05-25 11:00:00,833.0,846.96576
2022-05-26 08:00:00,850.0,847.4927
2022-05-26 09:00:00,850.0,847.9746
2022-05-26 10:00:00,850.0,848.05896
2022-05-26 11:00:00,850.0,848.3466
2022-05-26 12:00:00,850.0,847.0023
2022-05-26 13:00:00,819.0,825.0036
2022-05-26 14:00:00,818.0,824.01276
2022-05-26 15:00:00,833.0,829.9978
2022-05-26 16:00:00,837.0,833.6406
2022-05-26 17:00:00,849.0,837.9163
2022-05-26 18:00:00,850.0,837.41736
2022-05-26 19:00:00,810.0,827.2989
2022-05-26 20:00:00,829.0,815.28894
2022-05-26 21:00:00,773.0,772.86194
2022-05-26 22:00:00,730.0,727.4617
2022-05-26 23:00:00,726.0,723.4331
2022-05-27 00:00:00,759.0,760.27783
2022-05-27 01:00:00,825.0,825.2669
2022-05-27 02:00:00,812.0,816.3427
2022-05-27 03:00:00,818.0,820.5075
2022-05-27 04:00:00,829.0,834.6959
2022-05-27 05:00:00,829.0,843.90314
2022-05-27 06:00:00,829.0,839.6311
2022-05-27 07:00:00,806.0,797.6274
2022-05-27 08:00:00,829.0,825.3469
2022-05-27 09:00:00,831.0,834.3202
2022-05-27 10:00:00,833.0,847.04095
2022-05-27 11:00:00,835.0,846.96375
2022-05-27 12:00:00,837.0,847.15454
2022-05-27 13:00:00,843.0,847.037
2022-05-27 14:00:00,847.0,846.96576
2022-06-01 07:00:00,850.0,847.2244
2022-06-01 08:00:00,850.0,847.21436
2022-06-01 09:00:00,850.0,847.2218
2022-06-01 10:00:00,850.0,847.20215
2022-06-01 11:00:00,850.0,847.10754
2022-06-01 12:00:00,850.0,846.8176
2022-06-01 13:00:00,850.0,846.5103
2022-06-01 14:00:00,850.0,846.7995
2022-06-01 15:00:00,850.0,846.96576
2022-06-03 16:00:00,850.0,847.6804
2022-06-03 17:00:00,850.0,846.2888
2022-06-03 18:00:00,850.0,844.5261
2022-06-03 19:00:00,850.0,844.177
2022-06-03 20:00:00,850.0,841.8198
2022-06-03 21:00:00,771.0,766.9459
2022-06-03 22:00:00,827.0,829.41766
2022-06-03 23:00:00,841.0,830.2648
2022-06-04 00:00:00,850.0,841.22534
2022-06-04 01:00:00,850.0,843.2444
2022-06-04 02:00:00,850.0,845.6028
2022-06-04 03:00:00,850.0,847.0111
2022-06-04 04:00:00,850.0,847.1895
2022-06-04 05:00:00,850.0,846.7618
2022-06-04 06:00:00,850.0,845.5913
2022-06-04 07:00:00,850.0,844.8162
2022-06-04 08:00:00,850.0,846.76447
2022-06-04 09:00:00,850.0,846.7244
2022-06-04 10:00:00,850.0,846.528
2022-06-04 11:00:00,850.0,846.2925
2022-06-04 12:00:00,850.0,846.33374
2022-06-04 13:00:00,850.0,846.4599
2022-06-04 14:00:00,850.0,846.6308
2022-06-04 15:00:00,850.0,846.7274
2022-06-09 00:00:00,850.0,848.20044
2022-06-09 01:00:00,850.0,847.8259
2022-06-09 02:00:00,850.0,847.8578
2022-06-09 03:00:00,850.0,845.49615
2022-06-09 04:00:00,850.0,828.0775
2022-06-09 05:00:00,827.0,825.61115
2022-06-09 06:00:00,841.0,833.361
2022-06-09 07:00:00,850.0,840.64685
2022-06-09 08:00:00,850.0,846.2849
2022-06-09 09:00:00,850.0,846.2683
2022-06-09 10:00:00,850.0,846.7995
2022-06-09 11:00:00,850.0,846.96576
2022-06-27 22:00:00,850.0,847.5236
2022-06-27 23:00:00,850.0,847.34143
2022-06-28 00:00:00,850.0,847.29004
2022-06-28 01:00:00,850.0,847.0598
2022-06-28 02:00:00,850.0,845.3239
2022-06-28 03:00:00,850.0,840.8725
2022-06-28 04:00:00,850.0,838.9939
2022-06-28 05:00:00,850.0,844.77545
2022-06-28 06:00:00,850.0,846.9874
2022-06-28 07:00:00,850.0,846.91766
2022-06-28 08:00:00,850.0,847.037
2022-06-28 09:00:00,850.0,846.96576
2022-06-29 01:00:00,850.0,847.8105
2022-06-29 02:00:00,850.0,847.5954
2022-06-29 03:00:00,852.0,847.48694
2022-06-29 04:00:00,850.0,846.6679
2022-06-29 05:00:00,850.0,841.7984
2022-06-29 06:00:00,825.0,832.7011
2022-06-29 07:00:00,841.0,833.6127
2022-06-29 08:00:00,850.0,838.36945
2022-06-29 09:00:00,850.0,846.01404
2022-06-29 10:00:00,850.0,845.3917
2022-06-29 11:00:00,825.0,838.5217
2022-06-29 12:00:00,818.0,820.5228
2022-06-29 13:00:00,827.0,821.4122
2022-06-29 14:00:00,835.0,833.4394
2022-06-29 15:00:00,850.0,839.3365
2022-06-29 17:00:00,850.0,847.524
2022-06-29 18:00:00,850.0,848.06946
2022-06-29 19:00:00,850.0,847.64886
2022-06-29 20:00:00,850.0,847.26904
2022-06-29 21:00:00,850.0,843.1917
2022-06-29 22:00:00,829.0,829.8284
2022-06-29 23:00:00,839.0,830.8117
2022-06-30 00:00:00,850.0,834.8676
2022-06-30 06:00:00,850.0,847.2132
2022-06-30 07:00:00,850.0,847.2138
2022-06-30 08:00:00,850.0,847.2066
2022-06-30 09:00:00,850.0,847.20404
2022-06-30 10:00:00,850.0,847.15234
2022-06-30 11:00:00,850.0,846.98865
2022-06-30 12:00:00,850.0,846.7995
2022-06-30 13:00:00,850.0,846.96576
2022-07-01 18:00:00,850.0,847.2132
2022-07-01 19:00:00,850.0,847.2589
2022-07-01 20:00:00,850.0,847.20874
2022-07-01 21:00:00,850.0,847.23016
2022-07-01 22:00:00,850.0,847.1523
2022-07-01 23:00:00,850.0,846.7899
2022-07-02 00:00:00,850.0,846.11035
2022-07-02 01:00:00,850.0,845.95917
2022-07-02 02:00:00,850.0,846.9891
2022-07-02 03:00:00,850.0,846.81464
2022-07-02 04:00:00,850.0,846.9643
2022-07-02 05:00:00,850.0,847.1696
2022-07-02 06:00:00,850.0,847.0463
2022-07-02 07:00:00,850.0,846.92224
2022-07-02 08:00:00,850.0,847.0387
2022-07-02 09:00:00,850.0,846.9154
2022-07-02 10:00:00,850.0,846.98865
2022-07-02 11:00:00,850.0,846.7995
2022-07-02 12:00:00,850.0,846.96576
2022-07-03 00:00:00,850.0,847.2132
2022-07-03 01:00:00,850.0,847.2138
2022-07-03 02:00:00,850.0,847.21783
2022-07-03 03:00:00,850.0,847.2157
2022-07-03 04:00:00,852.0,847.1566
2022-07-03 05:00:00,850.0,847.00104
2022-07-03 06:00:00,850.0,846.7595
2022-07-03 07:00:00,850.0,846.766
2022-07-03 08:00:00,850.0,846.8128
2022-07-03 09:00:00,850.0,846.91986
2022-07-03 10:00:00,850.0,846.99
2022-07-03 11:00:00,850.0,846.74805
2022-07-03 12:00:00,850.0,846.7505
2022-07-03 13:00:00,850.0,846.7995
2022-07-03 14:00:00,850.0,846.96576
2022-07-03 17:00:00,850.0,847.2244
2022-07-03 18:00:00,850.0,847.2031
2022-07-03 19:00:00,850.0,847.2101
2022-07-03 20:00:00,850.0,847.1978
2022-07-03 21:00:00,850.0,847.1062
2022-07-03 22:00:00,850.0,846.8695
2022-07-03 23:00:00,850.0,846.7274
2022-07-04 20:00:00,850.0,847.30347
2022-07-04 21:00:00,850.0,848.4775
2022-07-04 22:00:00,850.0,843.69006
2022-07-04 23:00:00,850.0,843.04724
2022-07-05 00:00:00,850.0,850.8737
2022-07-05 01:00:00,736.0,742.90137
2022-07-05 02:00:00,831.0,835.12616
2022-07-05 03:00:00,849.0,830.824
2022-07-05 04:00:00,850.0,847.004
2022-07-05 05:00:00,850.0,846.8128
2022-07-05 06:00:00,850.0,846.93097
2022-07-05 07:00:00,850.0,847.00146
2022-07-05 08:00:00,850.0,846.76337
2022-07-05 09:00:00,849.0,846.7523
2022-07-05 10:00:00,850.0,846.7519
2022-07-05 11:00:00,850.0,846.74805
2022-07-05 12:00:00,850.0,846.7505
2022-07-05 13:00:00,850.0,846.7995
2022-07-05 14:00:00,849.0,846.96576
2022-07-05 23:00:00,849.0,848.0831
2022-07-06 00:00:00,850.0,847.4349
2022-07-06 01:00:00,850.0,847.355
2022-07-06 02:00:00,850.0,845.7481
2022-07-06 03:00:00,831.0,836.9571
2022-07-06 04:00:00,833.0,827.7867
2022-07-06 05:00:00,849.0,834.35144
2022-07-06 06:00:00,850.0,849.1369
2022-07-06 07:00:00,850.0,838.2859
2022-07-06 08:00:00,806.0,794.4374
2022-07-06 09:00:00,837.0,819.94684
2022-07-06 10:00:00,847.0,835.09875
2022-07-06 11:00:00,849.0,846.98865
2022-07-06 12:00:00,850.0,846.7995
2022-07-06 13:00:00,850.0,846.96576
2022-07-06 18:00:00,850.0,847.2132
2022-07-06 19:00:00,850.0,847.8019
2022-07-06 20:00:00,850.0,846.1014
2022-07-06 21:00:00,850.0,849.7413
2022-07-06 22:00:00,850.0,846.3118
2022-07-06 23:00:00,850.0,839.991
2022-07-07 00:00:00,759.0,765.194
2022-07-07 01:00:00,837.0,830.25836
2022-07-07 02:00:00,831.0,813.11237
2022-07-07 03:00:00,829.0,824.5497
2022-07-07 04:00:00,825.0,823.0971
2022-07-07 05:00:00,833.0,831.65314
2022-07-07 06:00:00,845.0,835.1491
2022-07-07 07:00:00,849.0,846.2103
2022-07-07 08:00:00,850.0,846.91986
2022-07-07 09:00:00,850.0,846.99
2022-07-07 10:00:00,850.0,846.74805
2022-07-07 11:00:00,849.0,846.7505
2022-07-07 12:00:00,850.0,846.7995
2022-07-07 13:00:00,850.0,846.96576
2022-07-07 16:00:00,849.0,847.71625
2022-07-07 17:00:00,850.0,845.42126
2022-07-07 18:00:00,849.0,850.05505
2022-07-07 19:00:00,850.0,846.62695
2022-07-07 20:00:00,816.0,826.68304
2022-07-07 21:00:00,829.0,811.59357
2022-07-07 22:00:00,829.0,829.2426
2022-07-07 23:00:00,831.0,831.0548
2022-07-08 00:00:00,845.0,834.89087
2022-07-08 04:00:00,850.0,847.2132
2022-07-08 05:00:00,850.0,847.2026
2022-07-08 06:00:00,850.0,847.2061
2022-07-08 07:00:00,850.0,847.2
2022-07-08 08:00:00,850.0,847.15454
2022-07-08 09:00:00,850.0,847.037
2022-07-08 10:00:00,850.0,846.96576
2022-07-08 18:00:00,850.0,847.76874
2022-07-08 19:00:00,850.0,847.6818
2022-07-08 20:00:00,850.0,843.4753
2022-07-08 21:00:00,850.0,842.5911
2022-07-08 22:00:00,850.0,847.76624
2022-07-08 23:00:00,765.0,766.69257
2022-07-09 00:00:00,829.0,819.17523
2022-07-09 01:00:00,831.0,827.09894
2022-07-09 02:00:00,833.0,837.7474
2022-07-09 03:00:00,837.0,834.5848
2022-07-09 04:00:00,829.0,832.63477
2022-07-09 05:00:00,831.0,833.601
2022-07-09 06:00:00,829.0,835.3467
2022-07-09 07:00:00,837.0,838.4028
2022-07-09 08:00:00,849.0,842.81726
2022-07-09 09:00:00,850.0,846.7524
2022-07-09 10:00:00,850.0,846.7327
2022-07-09 11:00:00,850.0,846.6414
2022-07-09 12:00:00,849.0,846.7112
2022-07-09 13:00:00,850.0,846.8506
2022-07-09 14:00:00,850.0,847.1899
2022-07-09 15:00:00,850.0,847.00366
2022-07-09 16:00:00,850.0,846.4432
2022-07-09 17:00:00,849.0,845.44086
2022-07-09 18:00:00,850.0,844.76855
2022-07-10 00:00:00,849.0,847.3718
2022-07-10 01:00:00,849.0,847.21075
2022-07-10 02:00:00,850.0,847.253
2022-07-10 03:00:00,850.0,847.1453
2022-07-10 04:00:00,850.0,846.3888
2022-07-10 05:00:00,849.0,844.4686
2022-07-10 06:00:00,850.0,843.5338
2022-07-10 10:00:00,850.0,847.2132
2022-07-10 11:00:00,850.0,847.2138
2022-07-10 12:00:00,850.0,847.2066
2022-07-10 13:00:00,850.0,847.20404
2022-07-10 14:00:00,850.0,847.15234
2022-07-10 15:00:00,850.0,846.98865
2022-07-10 16:00:00,850.0,846.7995
2022-07-10 17:00:00,850.0,846.96576
2022-07-13 16:00:00,849.0,848.3475
2022-07-13 17:00:00,849.0,847.7994
2022-07-13 18:00:00,850.0,848.0805
2022-07-13 19:00:00,850.0,842.98596
2022-07-13 20:00:00,819.0,803.5869
2022-07-13 21:00:00,831.0,823.8455
2022-07-13 22:00:00,850.0,834.11707
2022-07-13 23:00:00,849.0,846.2345
2022-07-14 00:00:00,850.0,846.07544
2022-07-14 01:00:00,850.0,846.96576
2022-07-18 20:00:00,850.0,847.2132
2022-07-18 21:00:00,850.0,847.8234
2022-07-18 22:00:00,850.0,847.3038
2022-07-18 23:00:00,850.0,847.30884
2022-07-19 00:00:00,850.0,846.53625
2022-07-19 01:00:00,837.0,842.25867
2022-07-19 02:00:00,843.0,835.25543
2022-07-19 03:00:00,849.0,836.26385
2022-07-19 04:00:00,850.0,846.76337
2022-07-19 05:00:00,850.0,846.75964
2022-07-19 06:00:00,850.0,846.75586
2022-07-19 07:00:00,850.0,846.7618
2022-07-19 08:00:00,850.0,846.7506
2022-07-19 09:00:00,850.0,846.7812
2022-07-19 10:00:00,850.0,846.8373
2022-07-19 11:00:00,849.0,846.94556
2022-07-19 12:00:00,850.0,846.9558
2022-07-19 13:00:00,850.0,846.91766
2022-07-19 14:00:00,850.0,847.037
2022-07-19 15:00:00,850.0,846.96576
2022-07-20 17:00:00,850.0,847.2132
2022-07-20 18:00:00,850.0,847.2026
2022-07-20 19:00:00,850.0,847.2061
2022-07-20 20:00:00,850.0,847.2
2022-07-20 21:00:00,849.0,847.15454
2022-07-20 22:00:00,850.0,847.4363
2022-07-20 23:00:00,850.0,847.012
2022-07-21 00:00:00,850.0,847.2889
2022-07-21 01:00:00,849.0,846.964
2022-07-21 02:00:00,849.0,844.83
2022-07-21 03:00:00,850.0,839.9805
2022-07-21 04:00:00,850.0,839.00433
2022-07-21 05:00:00,850.0,846.93097
2022-07-21 06:00:00,849.0,846.99036
2022-07-21 07:00:00,849.0,846.76294
2022-07-21 08:00:00,850.0,846.7484
2022-07-21 09:00:00,849.0,846.75446
2022-07-21 10:00:00,850.0,846.7972
2022-07-21 11:00:00,849.0,846.91766
2022-07-21 12:00:00,849.0,847.037
2022-07-21 13:00:00,850.0,846.96576
2022-07-21 20:00:00,850.0,847.2601
2022-07-21 21:00:00,850.0,847.2143
2022-07-21 22:00:00,850.0,847.2336
2022-07-21 23:00:00,850.0,847.1925
2022-07-22 00:00:00,850.0,846.95886
2022-07-22 01:00:00,849.0,846.2762
2022-07-22 02:00:00,850.0,845.77136
2022-07-22 03:00:00,850.0,846.837
2022-07-22 04:00:00,850.0,846.91766
2022-07-22 05:00:00,850.0,847.04816
2022-07-22 06:00:00,850.0,846.9664
2022-07-22 07:00:00,850.0,847.2061
2022-07-22 08:00:00,850.0,847.2
2022-07-22 09:00:00,850.0,847.15454
2022-07-22 10:00:00,850.0,847.037
2022-07-22 11:00:00,850.0,846.96576
2022-08-03 19:00:00,850.0,847.60565
2022-08-03 20:00:00,850.0,845.4501
2022-08-03 21:00:00,850.0,851.83203
2022-08-03 22:00:00,850.0,846.2998
2022-08-03 23:00:00,850.0,822.4313
2022-08-04 00:00:00,779.0,785.58405
2022-08-04 01:00:00,839.0,829.7096
2022-08-04 02:00:00,849.0,834.1505
2022-08-04 19:00:00,850.0,848.2338
2022-08-04 20:00:00,850.0,847.3527
2022-08-04 21:00:00,850.0,844.6831
2022-08-04 22:00:00,850.0,844.18616
2022-08-04 23:00:00,850.0,845.84955
2022-08-05 00:00:00,740.0,751.3936
2022-08-05 01:00:00,829.0,801.9844
2022-08-05 02:00:00,833.0,832.57294
2022-08-05 03:00:00,843.0,847.2132
2022-08-05 04:00:00,849.0,847.2026
2022-08-05 05:00:00,849.0,847.2173
2022-08-05 06:00:00,849.0,847.21173
2022-08-05 07:00:00,850.0,847.1701
2022-08-05 08:00:00,849.0,847.05023
2022-08-05 09:00:00,850.0,846.91986
2022-08-05 10:00:00,850.0,846.99
2022-08-05 11:00:00,850.0,846.74805
2022-08-05 12:00:00,850.0,846.7505
2022-08-05 13:00:00,850.0,846.7995
2022-08-05 14:00:00,850.0,846.96576
2022-08-06 15:00:00,850.0,851.33154
2022-08-06 16:00:00,850.0,848.80084
2022-08-06 17:00:00,850.0,851.53375
2022-08-06 18:00:00,850.0,840.44794
2022-08-06 19:00:00,643.0,642.91736
2022-08-06 20:00:00,819.0,815.0873
2022-08-06 21:00:00,823.0,823.1909
2022-08-06 22:00:00,831.0,834.277
2022-08-06 23:00:00,831.0,835.70935
2022-08-07 00:00:00,835.0,844.0633
2022-08-07 01:00:00,847.0,843.0465
2022-08-07 21:00:00,850.0,848.32965
2022-08-07 22:00:00,850.0,845.7716
2022-08-07 23:00:00,850.0,845.04803
2022-08-08 00:00:00,850.0,842.75256
2022-08-08 01:00:00,850.0,835.4035
2022-08-08 02:00:00,738.0,734.3539
2022-08-08 03:00:00,829.0,820.6178
2022-08-08 04:00:00,833.0,827.3151
2022-08-08 05:00:00,837.0,835.24774
2022-08-08 06:00:00,839.0,812.0653
2022-08-08 07:00:00,847.0,836.84686
2022-08-08 08:00:00,849.0,824.08307
2022-08-08 09:00:00,849.0,838.7941
2022-08-08 11:00:00,849.0,847.24695
2022-08-08 12:00:00,850.0,847.20416
2022-08-08 13:00:00,850.0,847.2178
2022-08-08 14:00:00,849.0,847.1926
2022-08-08 15:00:00,850.0,847.00684
2022-08-08 16:00:00,850.0,846.52716
2022-08-08 17:00:00,849.0,846.245
2022-08-09 03:00:00,850.0,847.2244
2022-08-09 04:00:00,850.0,847.22565
2022-08-09 05:00:00,850.0,847.2313
2022-08-09 06:00:00,850.0,847.21967
2022-08-09 07:00:00,850.0,847.13
2022-08-09 08:00:00,850.0,846.78033
2022-08-09 09:00:00,849.0,846.30255
2022-08-09 10:00:00,850.0,846.37256
2022-08-09 11:00:00,850.0,846.4716
2022-08-09 12:00:00,850.0,846.5367
2022-08-09 13:00:00,850.0,846.55756
2022-08-09 14:00:00,850.0,846.91766
2022-08-09 15:00:00,849.0,847.037
2022-08-09 16:00:00,850.0,846.96576
2022-08-09 17:00:00,850.0,847.76385
2022-08-09 18:00:00,849.0,845.2207
2022-08-09 19:00:00,849.0,847.9714
2022-08-09 20:00:00,849.0,843.0409
2022-08-09 21:00:00,808.0,819.54956
2022-08-09 22:00:00,761.0,758.01697
2022-08-09 23:00:00,839.0,826.5719
2022-08-10 00:00:00,841.0,834.27985
2022-08-10 02:00:00,850.0,847.2132
2022-08-10 03:00:00,850.0,847.22504
2022-08-10 04:00:00,850.0,847.2184
2022-08-10 05:00:00,849.0,847.2307
2022-08-10 06:00:00,850.0,847.16547
2022-08-10 07:00:00,850.0,846.9553
2022-08-10 08:00:00,850.0,846.57916
2022-08-10 09:00:00,850.0,846.4609
2022-08-10 10:00:00,850.0,846.5782
2022-08-10 11:00:00,850.0,846.5214
2022-08-10 12:00:00,850.0,846.80005
2022-08-10 13:00:00,850.0,846.9699
2022-08-10 14:00:00,850.0,847.2
2022-08-10 15:00:00,849.0,847.15454
2022-08-10 16:00:00,850.0,847.037
2022-08-10 17:00:00,849.0,846.96576
2022-08-11 18:00:00,850.0,849.3334
2022-08-11 19:00:00,850.0,844.54034
2022-08-11 20:00:00,850.0,844.4523
2022-08-11 21:00:00,850.0,854.9969
2022-08-11 22:00:00,723.0,719.7475
2022-08-11 23:00:00,792.0,795.13354
2022-08-12 00:00:00,829.0,834.88684
2022-08-12 01:00:00,827.0,824.8989
2022-08-12 02:00:00,833.0,839.11926
2022-08-12 03:00:00,837.0,844.92834
2022-08-12 04:00:00,761.0,761.8904
2022-08-12 05:00:00,825.0,818.0914
2022-08-12 06:00:00,825.0,825.84546
2022-08-12 07:00:00,827.0,837.02
2022-08-12 08:00:00,829.0,841.8387
2022-08-12 09:00:00,831.0,844.77515
2022-08-12 10:00:00,831.0,845.4147
2022-08-12 11:00:00,833.0,845.08246
2022-08-12 12:00:00,833.0,847.094
2022-08-12 13:00:00,833.0,847.3091
2022-08-12 14:00:00,835.0,846.85254
2022-08-12 15:00:00,837.0,844.9979
2022-08-12 16:00:00,841.0,841.5408
2022-08-12 17:00:00,849.0,841.1074
2022-08-12 18:00:00,847.0,846.3523
2022-08-12 19:00:00,849.0,846.0014
2022-08-16 17:00:00,849.0,847.4985
2022-08-16 18:00:00,849.0,847.2814
2022-08-16 19:00:00,850.0,847.27954
2022-08-16 20:00:00,849.0,847.06805
2022-08-16 21:00:00,850.0,845.5668
2022-08-16 22:00:00,850.0,841.7574
2022-08-16 23:00:00,850.0,840.23376
2022-08-17 00:00:00,850.0,846.2389
2022-08-17 01:00:00,849.0,847.25616
2022-08-17 02:00:00,850.0,847.32587
2022-08-17 03:00:00,850.0,846.70386
2022-08-17 04:00:00,850.0,844.5229
2022-08-17 05:00:00,850.0,841.348
2022-08-17 06:00:00,850.0,842.18335
2022-08-17 07:00:00,850.0,845.8635
2022-08-17 08:00:00,849.0,845.2546
2022-08-17 09:00:00,850.0,845.65674
2022-08-17 10:00:00,833.0,828.7042
2022-08-17 11:00:00,829.0,823.05786
2022-08-17 12:00:00,837.0,831.4542
2022-08-17 13:00:00,850.0,834.8397
2022-08-17 14:00:00,850.0,845.48785
2022-08-17 15:00:00,850.0,845.12103
2022-08-17 16:00:00,850.0,846.7995
2022-08-17 17:00:00,850.0,846.96576
2022-08-18 00:00:00,850.0,848.2986
2022-08-18 01:00:00,849.0,845.8524
2022-08-18 02:00:00,850.0,848.26154
2022-08-18 03:00:00,850.0,845.24884
2022-08-18 04:00:00,818.0,831.8807
2022-08-18 05:00:00,806.0,815.4715
2022-08-18 06:00:00,827.0,814.44336
2022-08-18 07:00:00,831.0,826.9507
2022-08-18 08:00:00,843.0,840.8772
2022-08-18 09:00:00,850.0,846.5866
2022-08-18 11:00:00,849.0,847.0348
2022-08-18 12:00:00,850.0,846.91766
2022-08-18 13:00:00,850.0,847.037
2022-08-22 15:00:00,849.0,847.124
2022-08-22 16:00:00,850.0,847.2101
2022-08-22 17:00:00,850.0,847.2503
2022-08-22 18:00:00,849.0,847.15106
2022-08-22 19:00:00,849.0,846.45056
2022-08-22 20:00:00,849.0,844.66785
2022-08-22 21:00:00,849.0,843.77936
2022-08-28 17:00:00,850.0,848.2474
2022-08-28 18:00:00,849.0,847.6383
2022-08-28 19:00:00,850.0,848.81586
2022-08-28 20:00:00,850.0,841.4612
2022-08-28 21:00:00,732.0,762.26575
2022-08-28 22:00:00,827.0,821.65076
2022-08-28 23:00:00,833.0,835.1313
2022-09-03 16:00:00,850.0,847.2244
2022-09-03 17:00:00,850.0,847.2031
2022-09-03 18:00:00,850.0,847.2101
2022-09-03 19:00:00,850.0,847.1978
2022-09-03 20:00:00,850.0,847.1062
2022-09-03 21:00:00,850.0,846.8695
2022-09-03 22:00:00,850.0,846.7274
2022-09-04 05:00:00,850.0,847.4407
2022-09-04 06:00:00,850.0,848.23645
2022-09-04 07:00:00,850.0,847.87396
2022-09-04 08:00:00,850.0,846.3785
2022-09-04 09:00:00,829.0,841.329
2022-09-04 10:00:00,769.0,790.528
2022-09-04 11:00:00,827.0,810.7995
2022-09-04 12:00:00,800.0,807.27594
2022-09-04 13:00:00,752.0,749.74365
2022-09-04 14:00:00,825.0,821.05194
2022-09-04 15:00:00,651.0,690.1361
2022-09-04 16:00:00,804.0,807.26807
2022-09-04 17:00:00,825.0,823.05096
2022-09-04 18:00:00,829.0,833.4904
2022-09-04 19:00:00,728.0,725.34015
2022-09-04 20:00:00,790.0,793.68646
2022-09-04 21:00:00,707.0,697.2694
2022-09-04 22:00:00,761.0,769.28467
2022-09-04 23:00:00,794.0,834.0606
2022-09-05 02:00:00,829.0,847.2244
2022-09-05 03:00:00,829.0,847.23694
2022-09-05 04:00:00,831.0,847.2116
2022-09-05 05:00:00,829.0,847.2204
2022-09-05 06:00:00,812.0,847.10944
2022-09-05 07:00:00,806.0,846.72296
2022-09-05 08:00:00,812.0,846.2188
2022-09-05 09:00:00,821.0,846.4353
2022-09-05 10:00:00,802.0,846.98865
2022-09-05 11:00:00,810.0,846.7995
2022-09-05 12:00:00,829.0,846.96576
2022-09-05 14:00:00,831.0,847.3376
2022-09-05 15:00:00,833.0,847.20874
2022-09-05 16:00:00,833.0,846.0032
2022-09-05 17:00:00,837.0,841.7256
2022-09-05 18:00:00,829.0,838.58484
2022-09-05 19:00:00,837.0,841.7909
2022-09-05 20:00:00,734.0,729.30414
2022-09-05 21:00:00,818.0,817.4205
2022-09-05 22:00:00,827.0,834.11505
2022-09-05 23:00:00,831.0,844.518
2022-09-06 00:00:00,825.0,835.2272
2022-09-06 01:00:00,761.0,758.8061
2022-09-06 02:00:00,792.0,790.37946
2022-09-06 03:00:00,825.0,833.4648
2022-09-06 04:00:00,829.0,846.1925
2022-09-06 05:00:00,829.0,846.98865
2022-09-06 06:00:00,829.0,846.8106
2022-09-06 07:00:00,829.0,846.9664
2022-09-06 08:00:00,829.0,847.2061
2022-09-06 09:00:00,833.0,847.2
2022-09-06 10:00:00,831.0,847.15454
2022-09-06 11:00:00,833.0,847.037
2022-09-06 12:00:00,833.0,846.96576
2022-09-09 00:00:00,850.0,847.4062
2022-09-09 01:00:00,850.0,847.2248
2022-09-09 02:00:00,849.0,847.2609
2022-09-09 03:00:00,850.0,847.1287
2022-09-09 04:00:00,850.0,846.1891
2022-09-09 05:00:00,849.0,843.7925
2022-09-09 06:00:00,850.0,842.63605
2022-09-09 07:00:00,849.0,846.96576
2022-09-10 03:00:00,850.0,848.2559
2022-09-10 04:00:00,849.0,847.8183
2022-09-10 05:00:00,850.0,848.07465
2022-09-10 06:00:00,850.0,848.53046
2022-09-10 07:00:00,829.0,820.6425
2022-09-10 08:00:00,825.0,825.48285
2022-09-10 09:00:00,827.0,832.9729
2022-09-10 10:00:00,827.0,826.51764
2022-09-10 11:00:00,808.0,809.6044
2022-09-10 12:00:00,763.0,756.1681
2022-09-10 13:00:00,804.0,796.5642
2022-09-10 14:00:00,831.0,820.7478
2022-09-10 15:00:00,827.0,832.79
2022-09-10 16:00:00,825.0,837.233
2022-09-10 17:00:00,829.0,841.0393
2022-09-10 18:00:00,831.0,844.70496
2022-09-10 19:00:00,833.0,845.26715
2022-09-10 20:00:00,837.0,847.16754
2022-09-10 21:00:00,841.0,847.028
2022-09-10 22:00:00,845.0,846.82306
2022-09-10 23:00:00,849.0,846.88654
2022-09-11 01:00:00,849.0,847.24695
2022-09-11 02:00:00,850.0,847.2155
2022-09-11 03:00:00,850.0,847.22943
2022-09-11 04:00:00,850.0,847.8683
2022-09-11 05:00:00,850.0,847.1108
2022-09-11 06:00:00,849.0,847.0523
2022-09-11 07:00:00,850.0,845.13135
2022-09-11 08:00:00,827.0,840.57874
2022-09-11 09:00:00,829.0,828.50366
2022-09-11 10:00:00,827.0,827.86725
2022-09-11 11:00:00,808.0,796.59607
2022-09-11 12:00:00,829.0,828.1134
2022-09-11 13:00:00,839.0,833.9478
2022-09-11 14:00:00,845.0,845.6585
2022-09-11 15:00:00,845.0,846.7274
2022-09-12 06:00:00,849.0,847.2244
2022-09-12 07:00:00,849.0,847.22565
2022-09-12 08:00:00,849.0,847.21674
2022-09-12 09:00:00,850.0,847.2113
2022-09-12 10:00:00,849.0,847.1031
2022-09-12 11:00:00,849.0,846.7706
2022-09-12 12:00:00,849.0,846.36365
2022-09-12 13:00:00,849.0,846.6195
2022-09-12 14:00:00,849.0,847.00165
2022-09-12 15:00:00,849.0,847.08417
2022-09-13 07:00:00,849.0,847.20386
2022-09-13 08:00:00,850.0,847.23395
2022-09-13 09:00:00,849.0,847.2155
2022-09-13 10:00:00,849.0,847.2135
2022-09-13 11:00:00,850.0,847.19165
2022-09-13 12:00:00,850.0,847.03485
2022-09-13 13:00:00,850.0,846.6382
2022-09-13 14:00:00,850.0,846.3589
2022-09-13 15:00:00,850.0,846.96576
2022-09-14 09:00:00,849.0,847.2132
2022-09-14 10:00:00,850.0,847.2026
2022-09-14 11:00:00,849.0,847.2061
2022-09-14 12:00:00,850.0,847.2
2022-09-14 13:00:00,849.0,847.15454
2022-09-14 14:00:00,850.0,847.037
2022-09-14 15:00:00,850.0,846.96576
2022-09-16 08:00:00,850.0,847.2132
2022-09-16 09:00:00,849.0,847.2026
2022-09-16 10:00:00,850.0,847.2061
2022-09-16 11:00:00,850.0,847.2
2022-09-16 12:00:00,850.0,847.15454
2022-09-16 13:00:00,849.0,847.037
2022-09-16 14:00:00,850.0,846.96576
2022-09-18 06:00:00,850.0,847.2132
2022-09-18 07:00:00,849.0,847.2138
2022-09-18 08:00:00,850.0,847.22345
2022-09-18 09:00:00,849.0,847.2103
2022-09-18 10:00:00,850.0,847.1583
2022-09-18 11:00:00,850.0,846.9868
2022-09-18 12:00:00,849.0,846.7244
2022-09-18 13:00:00,850.0,846.69086
2022-09-18 14:00:00,849.0,846.7637
2022-09-18 15:00:00,849.0,847.08417
2022-09-19 06:00:00,850.0,847.2132
2022-09-19 07:00:00,850.0,847.2138
2022-09-19 08:00:00,850.0,847.21783
2022-09-19 09:00:00,849.0,847.2157
2022-09-19 10:00:00,850.0,847.1566
2022-09-19 11:00:00,850.0,846.99
2022-09-19 12:00:00,849.0,846.74805
2022-09-19 13:00:00,850.0,846.7505
2022-09-19 14:00:00,850.0,846.7995
2022-09-19 15:00:00,849.0,846.96576
2022-09-20 05:00:00,850.0,847.20386
2022-09-20 06:00:00,850.0,847.22266
2022-09-20 07:00:00,850.0,847.21497
2022-09-20 08:00:00,850.0,847.232
2022-09-20 09:00:00,850.0,847.2062
2022-09-20 10:00:00,850.0,847.0921
2022-09-20 11:00:00,850.0,846.80695
2022-09-20 12:00:00,850.0,846.4974
2022-09-20 13:00:00,850.0,846.58093
2022-09-20 14:00:00,850.0,846.55994
2022-09-20 15:00:00,850.0,846.96576
2022-09-21 05:00:00,850.0,847.2151
2022-09-21 06:00:00,850.0,847.22327
2022-09-21 07:00:00,850.0,847.219
2022-09-21 08:00:00,850.0,847.2185
2022-09-21 09:00:00,849.0,847.14636
2022-09-21 10:00:00,850.0,846.9207
2022-09-21 11:00:00,850.0,846.5666
2022-09-21 12:00:00,850.0,846.5505
2022-09-21 13:00:00,850.0,846.7995
2022-09-21 14:00:00,850.0,846.96576
2022-09-22 06:00:00,850.0,847.2244
2022-09-22 07:00:00,852.0,847.2234
2022-09-22 08:00:00,850.0,847.2245
2022-09-22 09:00:00,850.0,847.21643
2022-09-22 10:00:00,850.0,847.1064
2022-09-22 11:00:00,850.0,846.78046
2022-09-22 12:00:00,850.0,846.36096
2022-09-22 13:00:00,850.0,846.5246
2022-09-22 14:00:00,850.0,846.7517
2022-09-22 15:00:00,850.0,847.1698
2022-09-22 16:00:00,850.0,847.21295
2022-09-22 17:00:00,849.0,847.2605
2022-09-22 18:00:00,850.0,847.12616
2022-09-22 19:00:00,850.0,846.1959
2022-09-22 20:00:00,850.0,843.8572
2022-09-22 21:00:00,850.0,842.80524
2022-09-24 08:00:00,850.0,847.2132
2022-09-24 09:00:00,850.0,847.2138
2022-09-24 10:00:00,850.0,847.2066
2022-09-24 11:00:00,850.0,847.20404
2022-09-24 12:00:00,850.0,847.15234
2022-09-24 13:00:00,850.0,846.98865
2022-09-24 14:00:00,850.0,846.7995
2022-09-24 15:00:00,850.0,846.96576
2022-09-25 08:00:00,850.0,847.4927
2022-09-25 09:00:00,850.0,847.2746
2022-09-25 10:00:00,850.0,847.4055
2022-09-25 11:00:00,850.0,847.1054
2022-09-25 12:00:00,850.0,845.5922
2022-09-25 13:00:00,850.0,841.7115
2022-09-25 14:00:00,850.0,839.5375
2022-09-25 15:00:00,850.0,843.7196
2022-09-25 16:00:00,850.0,843.58655
2022-09-25 17:00:00,850.0,846.1964
2022-09-26 03:00:00,850.0,847.2132
2022-09-26 04:00:00,850.0,847.2183
2022-09-26 05:00:00,850.0,847.2248
2022-09-26 06:00:00,850.0,847.2175
2022-09-26 07:00:00,850.0,847.18005
2022-09-26 08:00:00,850.0,846.9869
2022-09-26 09:00:00,850.0,846.6736
2022-09-26 10:00:00,850.0,846.56476
2022-09-26 11:00:00,850.0,846.55743
2022-09-26 12:00:00,850.0,846.5502
2022-09-26 13:00:00,850.0,846.38513
2022-09-26 14:00:00,850.0,846.5388
2022-09-26 15:00:00,850.0,846.7039
2022-09-26 16:00:00,850.0,846.96576
2022-09-30 20:00:00,852.0,847.2357
2022-09-30 21:00:00,850.0,847.378
2022-09-30 22:00:00,850.0,847.28546
2022-09-30 23:00:00,850.0,847.9771
2022-10-01 00:00:00,850.0,847.6814
2022-10-01 01:00:00,850.0,846.8154
2022-10-01 02:00:00,850.0,843.99475
2022-10-01 03:00:00,850.0,829.62573
2022-10-01 04:00:00,825.0,815.0283
2022-10-01 05:00:00,829.0,829.1383
2022-10-01 06:00:00,835.0,832.4741
2022-10-01 07:00:00,837.0,836.85547
2022-10-01 08:00:00,849.0,840.9608
2022-10-01 09:00:00,849.0,846.51984
2022-10-01 10:00:00,850.0,846.96576
2022-10-02 07:00:00,850.0,847.2042
2022-10-02 08:00:00,850.0,847.2223
2022-10-02 09:00:00,850.0,847.2151
2022-10-02 10:00:00,850.0,847.2094
2022-10-02 11:00:00,850.0,847.1927
2022-10-02 12:00:00,850.0,847.0804
2022-10-02 13:00:00,850.0,846.8065
2022-10-02 14:00:00,850.0,846.608
2022-10-02 15:00:00,850.0,846.96576
2022-10-05 09:00:00,850.0,847.2132
2022-10-05 10:00:00,850.0,847.2026
2022-10-05 11:00:00,850.0,847.2061
2022-10-05 12:00:00,850.0,847.2
2022-10-05 13:00:00,850.0,847.15454
2022-10-05 14:00:00,850.0,847.037
2022-10-05 15:00:00,850.0,846.96576
2022-10-06 10:00:00,850.0,847.2132
2022-10-06 11:00:00,850.0,847.2026
2022-10-06 12:00:00,850.0,847.2061
2022-10-06 13:00:00,850.0,847.2
2022-10-06 14:00:00,850.0,847.15454
2022-10-06 15:00:00,850.0,847.037
2022-10-06 16:00:00,850.0,846.96576
2022-10-07 06:00:00,850.0,847.217
2022-10-07 07:00:00,850.0,847.2215
2022-10-07 08:00:00,850.0,847.21954
2022-10-07 09:00:00,850.0,847.21747
2022-10-07 10:00:00,850.0,847.1498
2022-10-07 11:00:00,850.0,846.90125
2022-10-07 12:00:00,850.0,846.5588
2022-10-07 13:00:00,850.0,846.5881
2022-10-07 14:00:00,850.0,846.7505
2022-10-07 15:00:00,850.0,846.7995
2022-10-07 16:00:00,850.0,846.96576
2022-10-10 06:00:00,850.0,847.2132
2022-10-10 07:00:00,850.0,847.2138
2022-10-10 08:00:00,850.0,847.21783
2022-10-10 09:00:00,850.0,847.2157
2022-10-10 10:00:00,850.0,847.1677
2022-10-10 11:00:00,850.0,846.99036
2022-10-10 12:00:00,850.0,846.7519
2022-10-10 13:00:00,850.0,846.74805
2022-10-10 14:00:00,850.0,846.7505
2022-10-10 15:00:00,850.0,846.7995
2022-10-10 16:00:00,850.0,846.96576
2022-10-11 08:00:00,850.0,847.2132
2022-10-11 09:00:00,850.0,847.2026
2022-10-11 10:00:00,850.0,847.2173
2022-10-11 11:00:00,850.0,847.2005
2022-10-11 12:00:00,850.0,847.1585
2022-10-11 13:00:00,850.0,847.0348
2022-10-11 14:00:00,850.0,846.91766
2022-10-11 15:00:00,850.0,847.037
2022-10-11 16:00:00,850.0,846.96576
2022-10-12 07:00:00,850.0,847.40045
2022-10-12 08:00:00,850.0,847.2303
2022-10-12 09:00:00,850.0,847.5102
2022-10-12 10:00:00,850.0,847.13763
2022-10-12 11:00:00,850.0,846.26324
2022-10-12 12:00:00,850.0,843.5745
2022-10-12 13:00:00,850.0,841.05853
2022-10-12 14:00:00,850.0,842.30853
2022-10-12 15:00:00,850.0,841.2313
2022-10-12 16:00:00,850.0,846.28613
2022-10-12 17:00:00,850.0,846.245
2022-10-15 09:00:00,850.0,847.2132
2022-10-15 10:00:00,850.0,847.2138
2022-10-15 11:00:00,850.0,847.2066
2022-10-15 12:00:00,850.0,847.20404
2022-10-15 13:00:00,850.0,847.15234
2022-10-15 14:00:00,850.0,846.98865
2022-10-15 15:00:00,850.0,846.7995
2022-10-15 16:00:00,850.0,846.96576
2022-10-16 10:00:00,850.0,847.2132
2022-10-16 11:00:00,850.0,847.2026
2022-10-16 12:00:00,850.0,847.2061
2022-10-16 13:00:00,850.0,847.2
2022-10-16 14:00:00,850.0,847.15454
2022-10-16 15:00:00,850.0,847.037
2022-10-16 16:00:00,850.0,846.96576
2022-10-20 09:00:00,850.0,847.2132
2022-10-20 10:00:00,850.0,847.2026
2022-10-20 11:00:00,850.0,847.2173
2022-10-20 12:00:00,850.0,847.2005
2022-10-20 13:00:00,850.0,847.1585
2022-10-20 14:00:00,850.0,847.0348
2022-10-20 15:00:00,850.0,846.91766
2022-10-20 16:00:00,850.0,847.037
2022-10-20 17:00:00,850.0,846.96576
2022-10-23 10:00:00,850.0,847.2132
2022-10-23 11:00:00,850.0,847.2026
2022-10-23 12:00:00,850.0,847.2061
2022-10-23 13:00:00,850.0,847.2
2022-10-23 14:00:00,850.0,847.15454
2022-10-23 15:00:00,850.0,847.037
2022-10-23 16:00:00,850.0,846.96576
2022-10-24 08:00:00,850.0,847.2095
2022-10-24 09:00:00,850.0,847.2061
2022-10-24 10:00:00,850.0,847.2161
2022-10-24 11:00:00,850.0,847.2026
2022-10-24 12:00:00,850.0,847.17377
2022-10-24 13:00:00,849.0,847.0741
2022-10-24 14:00:00,850.0,846.9415
2022-10-24 15:00:00,850.0,846.95807
2022-10-24 16:00:00,850.0,846.96576
2022-10-25 09:00:00,850.0,847.2132
2022-10-25 10:00:00,850.0,847.2138
2022-10-25 11:00:00,850.0,847.2066
2022-10-25 12:00:00,850.0,847.20404
2022-10-25 13:00:00,850.0,847.15234
2022-10-25 14:00:00,850.0,846.98865
2022-10-25 15:00:00,850.0,846.7995
2022-10-25 16:00:00,850.0,846.96576
2022-10-26 01:00:00,850.0,847.2808
2022-10-26 02:00:00,850.0,847.85565
2022-10-26 03:00:00,850.0,847.77466
2022-10-26 04:00:00,850.0,847.5059
2022-10-26 05:00:00,850.0,846.3022
2022-10-26 06:00:00,850.0,838.66974
2022-10-26 07:00:00,819.0,830.1963
2022-10-26 08:00:00,841.0,833.124
2022-10-26 09:00:00,852.0,838.00195
2022-10-26 10:00:00,850.0,843.7744
2022-10-26 11:00:00,850.0,842.80524
2022-10-30 17:00:00,850.0,847.54486
2022-10-30 18:00:00,850.0,847.238
2022-10-30 19:00:00,850.0,847.283
2022-10-30 20:00:00,850.0,847.1796
2022-10-30 21:00:00,849.0,845.3559
2022-10-30 22:00:00,850.0,841.1787
2022-10-30 23:00:00,850.0,839.943
2022-10-31 00:00:00,850.0,846.0421
2022-10-31 01:00:00,850.0,843.06683
2022-10-31 02:00:00,850.0,839.17566
2022-10-31 03:00:00,835.0,838.7981
2022-10-31 04:00:00,837.0,837.7108
2022-10-31 05:00:00,839.0,838.59106
2022-10-31 06:00:00,839.0,839.5764
2022-10-31 07:00:00,850.0,836.3237
2022-10-31 08:00:00,818.0,825.8048
2022-10-31 09:00:00,827.0,818.41736
2022-10-31 10:00:00,810.0,811.12085
2022-10-31 11:00:00,829.0,821.4618
2022-10-31 12:00:00,825.0,825.3911
2022-10-31 13:00:00,821.0,817.57776
2022-10-31 14:00:00,785.0,796.9478
2022-10-31 15:00:00,816.0,812.8824
2022-10-31 16:00:00,827.0,830.38666
2022-10-31 17:00:00,833.0,833.3743
2022-10-31 18:00:00,837.0,838.234
2022-10-31 19:00:00,843.0,846.48706
2022-11-03 06:00:00,850.0,847.2132
2022-11-03 07:00:00,850.0,847.22504
2022-11-03 08:00:00,850.0,847.2117
2022-11-03 09:00:00,850.0,847.21484
2022-11-03 10:00:00,850.0,847.1627
2022-11-03 11:00:00,850.0,846.941
2022-11-03 12:00:00,850.0,846.6133
2022-11-03 13:00:00,850.0,846.629
2022-11-03 14:00:00,850.0,846.9605
2022-11-03 15:00:00,850.0,846.8947
2022-11-03 16:00:00,850.0,846.96576
2022-11-04 05:00:00,850.0,847.2132
2022-11-04 06:00:00,850.0,847.22504
2022-11-04 07:00:00,850.0,847.2184
2022-11-04 08:00:00,850.0,847.21954
2022-11-04 09:00:00,850.0,847.1651
2022-11-04 10:00:00,850.0,846.9518
2022-11-04 11:00:00,850.0,846.5823
2022-11-04 12:00:00,850.0,846.51166
2022-11-04 13:00:00,850.0,846.74805
2022-11-04 14:00:00,850.0,846.7505
2022-11-04 15:00:00,850.0,846.7995
2022-11-04 16:00:00,850.0,846.96576
2022-11-05 07:00:00,850.0,847.6127
2022-11-05 08:00:00,850.0,847.79095
2022-11-05 09:00:00,850.0,847.46106
2022-11-05 10:00:00,850.0,846.9962
2022-11-05 11:00:00,850.0,843.6176
2022-11-05 12:00:00,825.0,834.4076
2022-11-05 13:00:00,827.0,833.42456
2022-11-05 14:00:00,847.0,837.3725
2022-11-05 15:00:00,850.0,846.8687
2022-11-05 16:00:00,849.0,846.8695
2022-11-05 17:00:00,850.0,846.7274
2022-11-05 20:00:00,850.0,847.5797
2022-11-05 21:00:00,850.0,847.27374
2022-11-05 22:00:00,850.0,847.29425
2022-11-05 23:00:00,850.0,846.993
2022-11-06 00:00:00,850.0,844.9832
2022-11-06 01:00:00,850.0,840.23816
2022-11-06 02:00:00,849.0,839.24207
2022-11-06 03:00:00,850.0,846.507
2022-11-06 04:00:00,850.0,846.9998
2022-11-06 05:00:00,850.0,846.6819
2022-11-06 06:00:00,850.0,843.6415
2022-11-06 07:00:00,850.0,837.03375
2022-11-06 08:00:00,829.0,835.62695
2022-11-06 09:00:00,829.0,840.50616
2022-11-06 10:00:00,843.0,841.6032
2022-11-06 11:00:00,831.0,840.4565
2022-11-06 12:00:00,839.0,846.10333
2022-11-06 13:00:00,850.0,846.7505
2022-11-06 14:00:00,850.0,846.7995
2022-11-06 15:00:00,850.0,846.96576
2022-11-07 08:00:00,850.0,847.2244
2022-11-07 09:00:00,850.0,847.2031
2022-11-07 10:00:00,850.0,847.2101
2022-11-07 11:00:00,850.0,847.1978
2022-11-07 12:00:00,850.0,847.1062
2022-11-07 13:00:00,850.0,846.8695
2022-11-07 14:00:00,850.0,846.7274
2022-11-07 16:00:00,850.0,847.932
2022-11-07 17:00:00,850.0,846.26685
2022-11-07 18:00:00,850.0,843.1014
2022-11-07 19:00:00,850.0,841.674
2022-11-07 20:00:00,850.0,844.6136
2022-11-07 21:00:00,850.0,786.4085
2022-11-07 22:00:00,734.0,786.1377
2022-11-07 23:00:00,823.0,833.45013
2022-11-08 00:00:00,823.0,846.99786
2022-11-08 01:00:00,823.0,846.76447
2022-11-08 02:00:00,837.0,846.76117
2022-11-08 03:00:00,850.0,846.7366
2022-11-08 04:00:00,850.0,846.7232
2022-11-08 05:00:00,850.0,846.7248
2022-11-08 06:00:00,850.0,846.84515
2022-11-08 07:00:00,850.0,846.7977
2022-11-08 08:00:00,850.0,846.9217
2022-11-08 09:00:00,850.0,847.0348
2022-11-08 10:00:00,850.0,846.91766
2022-11-08 11:00:00,850.0,847.037
2022-11-08 12:00:00,850.0,846.96576
2022-11-10 13:00:00,849.0,847.26953
2022-11-10 14:00:00,850.0,848.32965
2022-11-10 15:00:00,850.0,847.43964
2022-11-10 16:00:00,849.0,848.8241
2022-11-10 17:00:00,849.0,850.4632
2022-11-10 18:00:00,850.0,833.3888
2022-11-10 19:00:00,814.0,807.7034
2022-11-10 20:00:00,816.0,825.02875
2022-11-10 21:00:00,818.0,833.7824
2022-11-10 22:00:00,839.0,825.2473
2022-11-10 23:00:00,825.0,824.18384
2022-11-11 00:00:00,814.0,828.34314
2022-11-11 01:00:00,831.0,832.7711
2022-11-11 02:00:00,843.0,839.75336
2022-11-11 03:00:00,825.0,829.94403
2022-11-11 04:00:00,819.0,832.01855
2022-11-11 05:00:00,825.0,835.38135
2022-11-11 06:00:00,839.0,841.4948
2022-11-11 07:00:00,831.0,835.56934
2022-11-11 08:00:00,833.0,826.40247
2022-11-11 09:00:00,833.0,823.7494
2022-11-11 10:00:00,814.0,809.732
2022-11-11 11:00:00,831.0,827.1548
2022-11-11 12:00:00,812.0,810.045
2022-11-11 13:00:00,785.0,783.7245
2022-11-11 14:00:00,726.0,727.24976
2022-11-11 15:00:00,785.0,789.79083
2022-11-11 16:00:00,769.0,774.7914
2022-11-11 17:00:00,814.0,814.2512
2022-11-11 18:00:00,818.0,826.18085
2022-11-11 19:00:00,819.0,811.5794
2022-11-11 20:00:00,821.0,833.52625
2022-11-11 21:00:00,829.0,841.946
2022-11-11 22:00:00,831.0,845.0163
2022-11-11 23:00:00,829.0,847.2132
2022-11-12 00:00:00,831.0,847.2186
2022-11-12 01:00:00,829.0,847.2358
2022-11-12 02:00:00,835.0,847.2294
2022-11-12 03:00:00,839.0,847.1756
2022-11-12 04:00:00,843.0,846.9961
2022-11-12 05:00:00,843.0,846.6152
2022-11-12 06:00:00,849.0,846.3507
2022-11-12 07:00:00,850.0,846.20825
2022-11-12 08:00:00,850.0,846.4123
2022-11-12 09:00:00,850.0,846.4292
2022-11-12 10:00:00,850.0,846.2482
2022-11-12 11:00:00,850.0,846.45807
2022-11-12 12:00:00,850.0,846.3767
2022-11-12 13:00:00,850.0,846.2443
2022-11-12 14:00:00,850.0,846.2383
2022-11-12 15:00:00,850.0,846.4993
2022-11-12 16:00:00,850.0,847.1628
2022-11-15 06:00:00,850.0,847.3016
2022-11-15 07:00:00,849.0,847.2432
2022-11-15 08:00:00,850.0,847.23615
2022-11-15 09:00:00,850.0,847.8442
2022-11-15 10:00:00,850.0,847.4723
2022-11-15 11:00:00,850.0,846.2965
2022-11-15 12:00:00,850.0,843.7718
2022-11-15 13:00:00,850.0,834.34033
2022-11-15 14:00:00,850.0,834.3184
2022-11-15 15:00:00,819.0,819.802
2022-11-15 16:00:00,827.0,830.5361
2022-11-15 17:00:00,819.0,808.6158
2022-11-15 18:00:00,825.0,822.3603
2022-11-15 19:00:00,825.0,812.87915
2022-11-15 20:00:00,810.0,812.6761
2022-11-15 21:00:00,827.0,824.7641
2022-11-15 22:00:00,831.0,828.32983
2022-11-15 23:00:00,829.0,833.6407
2022-11-16 00:00:00,829.0,843.10535
2022-11-16 01:00:00,833.0,843.5293
2022-11-16 02:00:00,837.0,847.15454
2022-11-16 03:00:00,837.0,847.04816
2022-11-16 04:00:00,839.0,846.9776
2022-11-16 05:00:00,841.0,847.21783
2022-11-16 06:00:00,843.0,847.2045
2022-11-16 07:00:00,843.0,847.1673
2022-11-16 08:00:00,845.0,846.9866
2022-11-16 09:00:00,843.0,846.75446
2022-11-16 10:00:00,849.0,846.7972
2022-11-16 11:00:00,849.0,846.91766
2022-11-16 12:00:00,850.0,847.037
2022-11-16 13:00:00,850.0,846.96576
2022-11-18 13:00:00,852.0,847.2244
2022-11-18 14:00:00,850.0,847.2031
2022-11-18 15:00:00,850.0,847.2101
2022-11-18 16:00:00,850.0,847.1978
2022-11-18 17:00:00,850.0,847.1062
2022-11-18 18:00:00,850.0,846.8695
2022-11-18 19:00:00,850.0,846.7274
2022-01-01 01:00:00,850.0,846.76337
2022-01-01 02:00:00,790.0,846.7523
2022-01-01 03:00:00,804.0,846.76294
2022-01-01 04:00:00,829.0,846.7484
2022-01-01 05:00:00,794.0,846.75446
2022-01-01 06:00:00,829.0,846.7972
2022-01-01 07:00:00,831.0,846.92883
2022-01-01 08:00:00,833.0,847.0375
2022-01-01 09:00:00,837.0,846.9699
2022-01-01 10:00:00,837.0,847.2
2022-01-01 11:00:00,837.0,847.15454
2022-01-01 12:00:00,837.0,847.037
2022-01-01 13:00:00,837.0,846.96576
2022-01-01 14:00:00,839.0,847.2244
2022-01-01 15:00:00,839.0,847.2031
2022-01-01 16:00:00,839.0,847.2101
2022-01-01 17:00:00,839.0,847.1978
2022-01-01 18:00:00,839.0,847.1062
2022-01-01 19:00:00,839.0,846.8695
2022-01-01 20:00:00,839.0,846.7274
2022-01-02 03:00:00,849.0,847.3262
2022-01-02 04:00:00,850.0,847.2081
2022-01-02 05:00:00,850.0,845.9978
2022-01-02 06:00:00,850.0,851.66565
2022-01-02 07:00:00,850.0,845.861
2022-01-02 08:00:00,850.0,845.5569
2022-01-02 09:00:00,850.0,709.545
2022-01-02 10:00:00,726.0,742.82965
2022-01-02 11:00:00,734.0,811.04504
2022-01-02 12:00:00,792.0,776.3087
2022-01-02 13:00:00,798.0,817.7343
2022-01-02 14:00:00,787.0,818.25543
2022-01-02 15:00:00,810.0,830.10236
2022-01-02 16:00:00,827.0,839.43146
2022-01-02 17:00:00,829.0,843.91864
2022-01-02 18:00:00,831.0,843.65497
2022-01-02 19:00:00,831.0,839.3299
2022-01-02 20:00:00,827.0,834.96484
2022-01-02 21:00:00,825.0,834.2121
2022-01-02 22:00:00,827.0,837.94824
2022-01-02 23:00:00,831.0,845.991
2022-01-03 00:00:00,831.0,848.0333
2022-01-03 01:00:00,833.0,846.51117
2022-01-03 02:00:00,833.0,846.7943
2022-01-03 03:00:00,833.0,842.4514
2022-01-03 04:00:00,829.0,839.2886
2022-01-03 05:00:00,827.0,803.25507
2022-01-03 06:00:00,808.0,809.69507
2022-01-03 07:00:00,816.0,818.4112
2022-01-03 08:00:00,829.0,718.9845
2022-01-03 09:00:00,697.0,747.10223
2022-01-03 10:00:00,750.0,703.4
2022-01-03 11:00:00,711.0,743.32294
2022-01-03 12:00:00,777.0,828.83716
2022-01-03 13:00:00,812.0,839.7191
2022-01-04 11:00:00,833.0,847.2132
2022-01-04 12:00:00,835.0,847.2026
2022-01-04 13:00:00,837.0,847.2061
2022-01-04 14:00:00,837.0,847.2
2022-01-04 15:00:00,837.0,847.15454
2022-01-04 16:00:00,839.0,847.037
2022-01-04 17:00:00,843.0,846.96576
2022-01-05 13:00:00,849.0,847.2357
2022-01-05 14:00:00,849.0,847.2036
2022-01-05 15:00:00,849.0,847.214
2022-01-05 16:00:00,849.0,847.1954
2022-01-05 17:00:00,849.0,847.05695
2022-01-05 18:00:00,849.0,846.6996
2022-01-05 19:00:00,849.0,846.48706
2022-01-06 09:00:00,849.0,847.2132
2022-01-06 10:00:00,849.0,847.2026
2022-01-06 11:00:00,849.0,847.2061
2022-01-06 12:00:00,849.0,847.2
2022-01-06 13:00:00,849.0,847.15454
2022-01-06 14:00:00,849.0,847.037
2022-01-06 15:00:00,849.0,847.01746
2022-01-06 16:00:00,849.0,847.34625
2022-01-06 17:00:00,849.0,847.22656
2022-01-06 18:00:00,849.0,847.4837
2022-01-06 19:00:00,849.0,847.0766
2022-01-06 20:00:00,849.0,845.7359
2022-01-06 21:00:00,850.0,843.5994
2022-01-06 22:00:00,850.0,842.41895
2022-01-06 23:00:00,850.0,841.52515
2022-01-07 00:00:00,850.0,839.0739
2022-01-07 01:00:00,841.0,843.4799
2022-01-07 02:00:00,847.0,846.91766
2022-01-07 03:00:00,849.0,847.037
2022-01-07 04:00:00,849.0,846.96576
2022-01-09 13:00:00,852.0,847.53326
2022-01-09 14:00:00,852.0,847.73773
2022-01-09 15:00:00,852.0,848.0842
2022-01-09 16:00:00,852.0,847.8654
2022-01-09 17:00:00,852.0,845.56744
2022-01-09 18:00:00,850.0,823.33276
2022-01-09 19:00:00,829.0,799.8511
2022-01-09 20:00:00,812.0,813.07465
2022-01-09 21:00:00,837.0,806.42773
2022-01-09 22:00:00,845.0,812.5725
2022-01-09 23:00:00,788.0,828.8507
2022-01-10 00:00:00,818.0,779.90607
2022-01-10 01:00:00,827.0,834.37427
2022-01-10 02:00:00,833.0,846.92883
2022-01-10 03:00:00,839.0,847.04865
2022-01-10 04:00:00,841.0,846.9705
2022-01-10 05:00:00,845.0,847.20404
2022-01-10 06:00:00,847.0,847.16345
2022-01-10 07:00:00,849.0,847.0002
2022-01-10 08:00:00,849.0,846.8041
2022-01-10 09:00:00,849.0,846.9901
2022-01-10 10:00:00,849.0,847.15314
2022-01-10 11:00:00,849.0,846.99634
2022-01-10 12:00:00,849.0,846.7947
2022-01-10 13:00:00,849.0,846.8687
2022-01-10 14:00:00,850.0,846.8695
2022-01-10 15:00:00,850.0,846.7274
2022-01-12 11:00:00,852.0,847.2244
2022-01-12 12:00:00,852.0,847.2031
2022-01-12 13:00:00,852.0,847.2101
2022-01-12 14:00:00,852.0,847.1978
2022-01-12 15:00:00,852.0,847.1062
2022-01-12 16:00:00,852.0,846.8695
2022-01-12 17:00:00,852.0,846.7274
2022-01-13 10:00:00,852.0,847.2244
2022-01-13 11:00:00,852.0,847.2031
2022-01-13 12:00:00,852.0,847.2101
2022-01-13 13:00:00,852.0,847.1978
2022-01-13 14:00:00,852.0,847.1062
2022-01-13 15:00:00,852.0,846.8695
2022-01-13 16:00:00,818.0,846.7274
2022-01-16 01:00:00,852.0,847.3148
2022-01-16 02:00:00,852.0,847.7121
2022-01-16 03:00:00,852.0,847.29895
2022-01-16 04:00:00,852.0,847.241
2022-01-16 05:00:00,852.0,846.1814
2022-01-16 06:00:00,850.0,841.7099
2022-01-16 07:00:00,852.0,836.3711
2022-01-16 08:00:00,816.0,837.82495
2022-01-17 11:00:00,839.0,847.23944
2022-01-17 12:00:00,839.0,847.3873
2022-01-17 13:00:00,839.0,847.80664
2022-01-17 14:00:00,839.0,847.8901
2022-01-17 15:00:00,837.0,847.69196
2022-01-17 16:00:00,823.0,846.20294
2022-01-17 17:00:00,825.0,836.83844
2022-01-17 18:00:00,827.0,824.3034
2022-01-17 19:00:00,825.0,839.9809
2022-01-17 20:00:00,823.0,826.4837
2022-01-17 21:00:00,827.0,829.6408
2022-01-17 22:00:00,829.0,829.83545
2022-01-17 23:00:00,825.0,833.8512
2022-01-18 00:00:00,827.0,842.38324
2022-01-18 01:00:00,831.0,845.84326
2022-01-18 02:00:00,833.0,846.9262
2022-01-18 11:00:00,845.0,847.4292
2022-01-18 12:00:00,845.0,847.76324
2022-01-18 13:00:00,847.0,847.89575
2022-01-18 14:00:00,849.0,847.5702
2022-01-18 15:00:00,849.0,845.46173
2022-01-18 16:00:00,845.0,836.32935
2022-01-18 17:00:00,835.0,830.3329
2022-01-18 18:00:00,833.0,832.7535
2022-01-18 19:00:00,833.0,836.68713
2022-01-18 20:00:00,831.0,845.374
2022-01-18 21:00:00,827.0,846.96576
2022-01-19 10:00:00,843.0,847.2132
2022-01-19 11:00:00,847.0,847.2026
2022-01-19 12:00:00,849.0,847.2061
2022-01-19 13:00:00,849.0,847.2
2022-01-19 14:00:00,849.0,847.15454
2022-01-19 15:00:00,849.0,847.037
2022-01-19 16:00:00,849.0,846.96576
2022-01-20 05:00:00,849.0,847.2207
2022-01-20 06:00:00,849.0,847.2745
2022-01-20 07:00:00,849.0,847.22345
2022-01-20 08:00:00,849.0,847.22235
2022-01-20 09:00:00,849.0,847.1068
2022-01-20 10:00:00,849.0,846.5966
2022-01-20 11:00:00,852.0,845.67975
2022-01-20 12:00:00,852.0,845.56085
2022-01-20 13:00:00,850.0,847.5603
2022-01-20 14:00:00,852.0,847.7715
2022-01-20 15:00:00,852.0,847.7188
2022-01-20 16:00:00,852.0,846.3408
2022-01-20 17:00:00,852.0,839.732
2022-01-20 18:00:00,835.0,828.68945
2022-01-20 19:00:00,823.0,831.4849
2022-01-20 20:00:00,825.0,833.18634
2022-01-20 21:00:00,833.0,834.00024
2022-01-20 22:00:00,837.0,830.1244
2022-01-20 23:00:00,825.0,831.1113
2022-01-21 00:00:00,825.0,834.13727
2022-01-21 01:00:00,829.0,840.60144
2022-01-21 02:00:00,833.0,846.31854
2022-01-21 03:00:00,837.0,846.96576
2022-01-23 11:00:00,852.0,847.2357
2022-01-23 12:00:00,852.0,847.2036
2022-01-23 13:00:00,852.0,847.214
2022-01-23 14:00:00,852.0,847.1954
2022-01-23 15:00:00,852.0,847.05695
2022-01-23 16:00:00,852.0,846.6996
2022-01-23 17:00:00,852.0,846.48706
2022-02-02 14:00:00,852.0,847.24695
2022-02-02 15:00:00,850.0,847.20416
2022-02-02 16:00:00,852.0,847.2178
2022-02-02 17:00:00,852.0,847.1926
2022-02-02 18:00:00,850.0,847.00684
2022-02-02 19:00:00,852.0,846.52716
2022-02-02 20:00:00,850.0,846.245
2022-02-02 22:00:00,852.0,847.6611
2022-02-02 23:00:00,852.0,847.4816
2022-02-03 00:00:00,852.0,847.55035
2022-02-03 01:00:00,852.0,846.98846
2022-02-03 02:00:00,852.0,844.213
2022-02-03 03:00:00,852.0,836.0697
2022-02-03 04:00:00,850.0,834.47894
2022-02-03 05:00:00,852.0,837.1329
2022-02-03 06:00:00,816.0,829.7388
2022-02-03 07:00:00,816.0,822.51306
2022-02-03 08:00:00,823.0,841.70953
2022-02-03 09:00:00,827.0,835.46576
2022-02-03 10:00:00,823.0,818.9043
2022-02-03 11:00:00,821.0,830.3444
2022-02-03 12:00:00,825.0,838.20624
2022-02-03 13:00:00,827.0,819.06775
2022-02-03 14:00:00,823.0,836.9525
2022-02-03 15:00:00,823.0,819.01904
2022-02-03 16:00:00,827.0,836.8896
2022-02-03 17:00:00,829.0,824.895
2022-02-03 18:00:00,829.0,811.3759
2022-02-03 19:00:00,823.0,795.0735
2022-02-03 20:00:00,823.0,786.0006
2022-02-03 21:00:00,771.0,808.7129
2022-02-03 22:00:00,765.0,774.91797
2022-02-03 23:00:00,806.0,766.36505
2022-02-04 00:00:00,754.0,801.66895
2022-02-04 01:00:00,804.0,824.42053
2022-02-04 02:00:00,821.0,817.73114
2022-02-04 03:00:00,825.0,808.9755
2022-02-04 04:00:00,777.0,814.8953
2022-02-04 05:00:00,781.0,825.45526
2022-02-04 06:00:00,787.0,837.9588
2022-02-04 07:00:00,790.0,832.74457
2022-02-04 08:00:00,787.0,810.6864
2022-02-04 09:00:00,788.0,836.99414
2022-02-04 10:00:00,785.0,807.188
2022-02-04 11:00:00,798.0,817.0203
2022-02-04 12:00:00,808.0,835.278
2022-02-04 13:00:00,818.0,831.551
2022-02-04 14:00:00,829.0,779.98834
2022-02-04 15:00:00,798.0,825.5498
2022-02-04 16:00:00,821.0,834.533
2022-02-04 17:00:00,827.0,846.55994
2022-02-04 18:00:00,829.0,846.96576
2022-02-07 06:00:00,849.0,847.2282
2022-02-07 07:00:00,849.0,847.3129
2022-02-07 08:00:00,849.0,847.22797
2022-02-07 09:00:00,850.0,847.231
2022-02-07 10:00:00,849.0,847.0583
2022-02-07 11:00:00,849.0,846.2902
2022-02-07 12:00:00,849.0,844.8702
2022-02-07 13:00:00,849.0,844.67847
2022-02-07 14:00:00,849.0,846.96576
2022-02-08 02:00:00,849.0,847.2132
2022-02-08 03:00:00,849.0,847.22504
2022-02-08 04:00:00,849.0,847.2184
2022-02-08 05:00:00,849.0,847.21954
2022-02-08 06:00:00,849.0,847.15405
2022-02-08 07:00:00,849.0,846.9515
2022-02-08 08:00:00,849.0,846.57855
2022-02-08 09:00:00,849.0,846.5254
2022-02-08 10:00:00,849.0,846.7977
2022-02-08 11:00:00,849.0,846.9217
2022-02-08 12:00:00,849.0,847.0348
2022-02-08 13:00:00,849.0,846.91766
2022-02-08 14:00:00,849.0,847.037
2022-02-08 15:00:00,849.0,846.96576
2022-02-09 10:00:00,852.0,847.2132
2022-02-09 11:00:00,852.0,847.2138
2022-02-09 12:00:00,852.0,847.2066
2022-02-09 13:00:00,852.0,847.20404
2022-02-09 14:00:00,852.0,847.15234
2022-02-09 15:00:00,852.0,846.98865
2022-02-09 16:00:00,852.0,846.7995
2022-02-09 17:00:00,852.0,846.96576
2022-02-13 09:00:00,850.0,847.38324
2022-02-13 10:00:00,852.0,847.2115
2022-02-13 11:00:00,852.0,847.2556
2022-02-13 12:00:00,852.0,847.1393
2022-02-13 13:00:00,852.0,846.3258
2022-02-13 14:00:00,852.0,844.2671
2022-02-13 15:00:00,852.0,843.2894
2022-02-17 09:00:00,852.0,847.2537
2022-02-17 10:00:00,852.0,847.4389
2022-02-17 11:00:00,852.0,847.24475
2022-02-17 12:00:00,850.0,847.2482
2022-02-17 13:00:00,852.0,846.8613
2022-02-17 14:00:00,852.0,845.15045
2022-02-17 15:00:00,852.0,842.1545
2022-02-17 16:00:00,852.0,842.0681
2022-02-17 17:00:00,852.0,846.96576
2022-02-17 22:00:00,852.0,847.57043
2022-02-17 23:00:00,852.0,847.8983
2022-02-18 00:00:00,850.0,850.67523
2022-02-18 01:00:00,850.0,848.74445
2022-02-18 02:00:00,850.0,849.08057
2022-02-18 03:00:00,852.0,829.2564
2022-02-18 04:00:00,802.0,705.4252
2022-02-18 05:00:00,763.0,793.8418
2022-02-18 06:00:00,796.0,699.2218
2022-02-18 07:00:00,804.0,833.0097
2022-02-18 08:00:00,819.0,834.4751
2022-02-18 09:00:00,827.0,845.906
2022-02-18 10:00:00,829.0,846.6586
2022-02-18 11:00:00,833.0,845.83966
2022-02-18 12:00:00,833.0,845.73285
2022-02-18 13:00:00,833.0,846.96576
2022-02-18 14:00:00,833.0,847.2132
2022-02-18 15:00:00,833.0,847.2026
2022-02-18 16:00:00,837.0,847.2061
2022-02-18 17:00:00,837.0,847.2
2022-02-18 18:00:00,839.0,847.15454
2022-02-18 19:00:00,841.0,847.037
2022-02-18 20:00:00,843.0,846.96576
2022-02-19 10:00:00,850.0,847.2244
2022-02-19 11:00:00,850.0,847.2031
2022-02-19 12:00:00,852.0,847.2101
2022-02-19 13:00:00,852.0,847.1978
2022-02-19 14:00:00,852.0,847.1062
2022-02-19 15:00:00,852.0,846.8695
2022-02-19 16:00:00,852.0,846.7274
2022-02-21 18:00:00,852.0,847.42456
2022-02-21 19:00:00,850.0,847.64545
2022-02-21 20:00:00,850.0,847.6333
2022-02-21 21:00:00,852.0,847.2455
2022-02-21 22:00:00,852.0,845.55994
2022-02-21 23:00:00,852.0,839.38965
2022-02-22 00:00:00,850.0,834.1494
2022-02-22 01:00:00,833.0,835.65594
2022-02-22 02:00:00,833.0,840.90576
2022-02-22 03:00:00,845.0,846.9928
2022-02-22 04:00:00,850.0,847.194
2022-02-22 05:00:00,850.0,846.8617
2022-02-22 06:00:00,850.0,846.6585
2022-02-22 07:00:00,852.0,845.82477
2022-02-22 08:00:00,850.0,847.3131
2022-02-22 12:00:00,823.0,846.1868
2022-02-23 06:00:00,850.0,840.5423
2022-02-23 07:00:00,850.0,832.0594
2022-02-23 08:00:00,850.0,833.7563
2022-02-23 09:00:00,850.0,842.42175
2022-02-23 10:00:00,850.0,841.5146
2022-02-23 11:00:00,850.0,832.69867
2022-02-23 12:00:00,821.0,811.23346
2022-02-23 13:00:00,825.0,815.7604
2022-02-23 14:00:00,781.0,825.1619
2022-02-23 15:00:00,792.0,813.7459
2022-02-23 16:00:00,819.0,834.6377
2022-02-23 17:00:00,827.0,846.9699
2022-02-23 18:00:00,833.0,847.2
2022-02-23 19:00:00,837.0,847.15454
2022-02-23 20:00:00,839.0,847.037
2022-02-23 21:00:00,841.0,846.96576
2022-02-24 06:00:00,843.0,847.2357
2022-02-24 07:00:00,843.0,847.224
2022-02-24 08:00:00,843.0,847.22833
2022-02-24 09:00:00,843.0,847.2137
2022-02-24 10:00:00,843.0,847.0565
2022-02-24 11:00:00,845.0,846.60846
2022-02-24 12:00:00,845.0,846.1179
2022-02-24 13:00:00,845.0,846.5246
2022-02-24 14:00:00,845.0,846.7517
2022-02-24 15:00:00,845.0,846.96576
2022-02-26 21:00:00,850.0,847.2244
2022-02-26 22:00:00,852.0,847.2031
2022-02-26 23:00:00,852.0,847.2101
2022-02-27 00:00:00,852.0,847.1978
2022-02-27 01:00:00,850.0,847.1062
2022-02-27 02:00:00,850.0,847.0152
2022-02-27 03:00:00,850.0,846.7362
2022-02-27 04:00:00,852.0,848.18146
2022-02-27 05:00:00,852.0,847.11005
2022-02-27 06:00:00,850.0,846.61176
2022-02-27 07:00:00,850.0,847.6061
2022-02-27 08:00:00,850.0,837.99384
2022-02-27 09:00:00,819.0,809.52606
2022-02-27 10:00:00,818.0,815.70514
2022-02-27 11:00:00,827.0,821.6812
2022-02-27 12:00:00,827.0,819.56067
2022-02-27 13:00:00,819.0,831.3877
2022-02-27 14:00:00,827.0,839.9852
2022-02-27 15:00:00,827.0,812.9904
2022-02-27 16:00:00,823.0,826.14966
2022-02-27 17:00:00,812.0,823.74554
2022-02-27 18:00:00,814.0,833.75336
2022-02-27 19:00:00,825.0,841.708
2022-02-27 20:00:00,829.0,843.61554
2022-02-28 09:00:00,845.0,847.2132
2022-02-28 10:00:00,845.0,847.2026
2022-02-28 11:00:00,843.0,847.2061
2022-02-28 12:00:00,843.0,847.2
2022-02-28 13:00:00,843.0,847.15454
2022-02-28 14:00:00,843.0,847.037
2022-02-28 15:00:00,845.0,846.96576
